6280_i,4fecafa3-9e2a-4da8-9f4a-fa88a489396c
6289_i,8fa792f4-543f-403c-b471-434d61cc26f2
6295_i,5cf30ae3-2e6a-4a8e-a3cc-217f708dfff0
6294_i,a0963f3a-2a46-4d12-825c-832b14ccfc57
6299_i,01aa6cf5-3fee-4dd0-91b5-1a8884035eac
6301_i,a3a1e55d-258e-4504-83b1-44714ed47545
6307_i,96ba1f16-b0cc-4ddc-8f5f-b8695323baff
6305_i,5b9cb3e8-e27a-41d3-9811-2375ffdcdec5
6316_i,90c78ab8-fcbd-4fa0-bfe5-fa23981c41df
6332_i,015b9b83-3b38-4d63-b9b9-94f72785d3c2
6337_i,bb661ee4-3318-4479-85b2-ae077138bd70
6344_i,bc65ac0d-687e-40af-99bf-b1779179aeb8
6375_i,e9a60f4f-e2f5-47e4-896e-bdde5b0f0bba
6378_i,2a2740d7-d6cd-4454-9172-431617f7fb25
6379_i,db0fdd71-7fb5-4dc0-9c53-d4753503772b
6388_i,edaad87b-7b8c-4adf-955e-0ca41fc3f3a5
6398_i,7e20b448-075b-4b49-a56b-3b3591700e03
6409_i,37ca874d-1ff3-4c9d-993c-c2709ea43b5d
6410_i,37ca874d-1ff3-4c9d-993c-c2709ea43b5d
6411_i,25c414db-14e5-48cb-bb82-6cdfe3aa60d1
6417_i,d8df4657-9eda-45b8-bcdd-3cab8c400a90
6414_i,d14ae028-c76c-4df0-aea7-138c38c10d58
6416_i,95b8f435-5011-496f-81a6-bc20b91a2f33
6418_i,8ab6c69b-2a06-4b48-8bdc-7a2cf5811909
6421_i,66097bd3-c4ee-449e-bbec-1c73d36c9358
6431_i,a3a1e55d-258e-4504-83b1-44714ed47545
6435_i,478990f7-1719-42a7-9d2e-26abefcbaf5e
6434_i,b562b702-6a9c-4530-affa-bb46c4c1744e
6456_i,3727dcc7-9ca9-47bb-8ba1-a4c1eaa2a427
6459_i,1274b106-39fb-4666-af70-14def05564c2
6464_i,7ea8623b-971c-4794-82e1-3650f313029d
6466_i,d1455b8b-f5a8-4176-b4f0-06342ed80e9b
6481_i,e2f61d13-5310-4bca-a6eb-8f43a0d63043
6499_i,c610f01b-fba7-44b1-8721-e25928e07b1e
6500_i,dd5084de-dffb-4c5d-b436-681497815a84
6503_i,a16fe671-5342-4fac-b8e5-30f93e020fd4
6522_i,f68d339f-438a-4fe9-8680-362425c9e93b
6531_i,b5f8c522-31cf-4012-b277-c6739f9e95cd
6538_i,29c4431c-2b00-4b7b-bfb7-27e339b058bd
6548_i,0f6e2a95-25ee-4740-abd7-363d6625f0d1
6552_i,8b644af0-b6cb-4ee5-8a8b-f3f3f319d4ae
6557_i,a3a1e55d-258e-4504-83b1-44714ed47545
6573_i,534f860a-3b3f-45b2-b959-c1ff6c989547
6580_i,248e9059-98e6-46ae-98fd-a6cac0face83
6614_i,9d1c95b0-ade5-46ee-895a-34f5f34989ac
6639_i,7f769e63-1b71-46f3-9229-2228d12e6c11
6645_i,6592c89e-99e7-4d6b-8509-959c40aa1d51
6659_i,aaba97a8-9dc3-46ae-b926-e02cf056186c
6660_i,ed090b52-5caa-42a7-9afa-3e16657d5deb
6662_i,f33d3355-07a8-4818-b875-10e19940b5ae
6712_i,ce1627c2-f294-4137-a7dd-3d5015b95b53
6736_i,e9141376-8a44-48ab-8aba-012a52cbba50
6759_i,d416d0a3-ae79-4cb0-9f04-293213673e28
6762_i,9e84755f-719b-46cc-af9d-d1dc7e1e840f
6769_i,1f8f8799-e539-4e86-9cac-2821d877046f
6784_i,2f8ce504-5160-4511-9792-a974558eea7a
6791_i,4ba6d428-7690-4c19-a96c-f71a03086b27
6807_i,c6bf208f-7915-416c-bc04-3cbf78a822f4
6814_i,448afa60-a84d-4a5e-b789-cd84c3a2de1a
6821_i,1a45c59d-6ede-41dc-ad9d-ca5bb274da01
6819_i,5e6e76de-aeb3-4688-a870-b179d1b1ef0e
6834_i,604d321f-3aae-4bb5-ac42-af4493c3eff5
6839_i,f19c2f66-80c8-447c-b417-f1386b047386
6856_i,6a764ae6-ea41-47b0-ab53-238643558bc2
6869_i,7e58fb0c-9013-464e-854a-5f238b209e5f
6871_i,040bf58e-db2e-4039-b0c8-85d0f6ae11a9
6885_i,e6c2c241-54ca-4b25-9879-d0cec3ddcba8
6887_i,9c722e12-4ac9-4a1b-9f0e-1e20a87c10cc
6904_i,20b2ef3f-8980-479b-9b08-39d08d4f0380
6906_i,a3a1e55d-258e-4504-83b1-44714ed47545
6933_i,a3a1e55d-258e-4504-83b1-44714ed47545
6942_i,31973e4d-3de1-45ca-992f-f7f44ac8c41a
6941_i,957f5633-8494-4673-b34f-849b4cd5dc88
6948_i,67f943dd-c079-457c-b253-79cf7aa57bf3
6979_i,f71bdbb4-bd85-4498-ba2c-9aa8d6402806
6988_i,c6e9ce3f-f4ed-4f54-b48f-775f7ae8a9b3
6981_i,13bd2471-4c7f-425e-8a8e-d32c576d0d97
6991_i,c97d1522-bc23-4196-9c2b-73ec730a8582
7017_i,e9a60f4f-e2f5-47e4-896e-bdde5b0f0bba
7023_i,47f17be0-67c5-4e97-ac81-051dafe82a9c
7027_i,5215f408-d292-4fa1-9993-2defb8c68c18
7035_i,a3a1e55d-258e-4504-83b1-44714ed47545
7059_i,fd6c6a75-b724-4113-ba0b-03d4ba5a72d1
7073_i,8f172e13-a1b9-4f88-9a2d-4f8d307f8a5a
7080_i,6ce20348-ef42-4082-9037-62e688997dca
7137_i,a7f36033-a8d3-4080-9f21-c7c153189c6f
7141_i,6271b3f4-bb08-4dc6-82e8-b1dcb65858a6
7152_i,890dda2b-414f-42ad-af43-e33f90e04df7
7157_i,3651e9d4-5d2f-4317-8ca4-f16d82bb7680
7165_i,fc1f5e1e-d849-4513-a538-8646f292b35c
7175_i,692a435e-994e-44dd-969b-d2240e0ed2a9
7188_i,754f4ecd-cceb-4f4b-afbd-782e0556baa1
7185_i,0a9ef3aa-830f-4d63-9779-538bf32d4c84
7193_i,45139fbf-ed65-4f06-9ad7-09426790e04b
7254_i,40a76f60-b64d-4a28-91ce-abe903dafb87
7261_i,b343dada-c8b8-43a1-aeb7-d66763d9c368
7273_i,ed9bf255-28b0-4283-9c67-2f83955c0ca8
7319_i,b65b89de-ba60-48fc-920d-58824e0787f3
7338_i,30cead5a-8765-4438-85a1-5a300298aad7
7377_i,1c3a98d3-1c10-4a82-ac15-0aa934b5370f
7381_i,456cfb00-4f1a-4bad-b6e1-83c508c04a13
7402_i,3fff971d-faad-4214-a62e-43f438e8d024
7412_i,ca763da3-3d08-41a2-a675-e3cfc2340174
7441_i,c6e9ce3f-f4ed-4f54-b48f-775f7ae8a9b3
7460_i,981cd662-567b-4ae5-b5f5-791b0cb15822
7473_i,16f007c2-5133-4678-a57e-3d895b6ae54c
7502_i,0f6f5208-9100-4fb1-b3df-c9ac62b8bcd2
7515_i,5cece617-50d6-41ee-b63c-1aff3a514d97
7516_i,175919de-918b-4f0f-808e-f65e905676c8
7563_i,0d84fe40-7fe2-40b0-94a8-c06ccc1cf521
7572_i,04af5eac-6e9c-4cb7-ab34-50c7e15cf072
7593_i,6d560818-6f44-4aa4-bf71-844c848b7479
7599_i,10d0abec-d259-4c9a-8701-738deb002b99
7612_i,981cd662-567b-4ae5-b5f5-791b0cb15822
7630_i,9523afc1-f82a-4568-aa58-03350193da85
7724_i,d2af9e48-7b3b-4c90-aeed-428b6e96b12b
7731_i,6601547c-5d8c-496e-9b4d-656be278b7b7
7769_i,55bb6e29-f439-428d-a141-06744824f474
7768_i,bbd9f5c3-2095-4064-bb7c-cfca698d6e6f
7783_i,a3a1e55d-258e-4504-83b1-44714ed47545
7838_i,5712406f-cca7-4698-816a-7da5b40801f2
7853_i,6067dc7e-c955-4894-a7df-2ac878d61e89
7944_0,6f713075-a5d1-44ce-b4c7-946c9208799b
7898_i,fe4c74e8-4b0e-411f-b60f-81e26cd7f33f
7948_0,040bf58e-db2e-4039-b0c8-85d0f6ae11a9
7960_0,67a3bb3f-6638-4601-aa98-e27e8c02ee4d
8449_0,808c8779-c82b-41c1-9a98-ba51627c31ff
8097_0,0ff80da9-3c0e-45ae-863c-b450329b0d39
7915_i,0c9cec4a-37ee-46af-ae79-9152ddb65644
8027_0,8437133c-8ef1-40cd-b900-e3bfa1109c76
8129_0,138be664-4c43-4d88-8cf5-df45246b01fd
11178_0,e398af0a-5a0e-4847-b9ad-0ae2406ad9df
8395_0,e16ffcb5-02e8-42d1-9005-67180c847952
8236_0,260b99ae-b81e-45c1-91c1-bc82a616cacc
8295_0,a5ef7a41-4e94-45af-adae-2f238428a0a5
8407_0,74efbbc9-ad7a-47bd-b28f-ad1600241f23
7834_0,c4ab73de-3d20-4495-a5e5-96a29c4c3f95
8657_0,667cd373-5143-42b7-8b56-b4f9de3c1fad
7961_0,9183aea9-8af0-4d5b-84af-3af53fc34822
7652_0,e70001c7-6760-4bdb-9421-8d3b11939343
8303_0,eeb8f357-bcfe-48a7-8d0e-8a34fd56a0bd
9182_0,ba20fb11-1ee3-4bd1-9a2f-a5fa137b4634
8034_0,95b8f435-5011-496f-81a6-bc20b91a2f33
13056_0,a2583caa-bbf5-4afc-a9c9-e84794edce54
8428_0,42933dcc-bed8-43e9-b715-a0f6299c33ac
8012_i,8607b42c-3e34-4617-a07a-04695b09dc8a
8174_0,410136f0-cdc6-45ab-a4cb-c5e54f19921f
8065_0,478990f7-1719-42a7-9d2e-26abefcbaf5e
10005_0,1ac4511b-8887-4502-8bc2-1d162e7ee277
8148_0,1274b106-39fb-4666-af70-14def05564c2
8229_0,7ed85ea9-3bd8-4273-b563-1e38ce69797b
9644_0,68989f94-e04b-454d-aa74-9eafdbc48362
8056_i,4a7c26c2-8c34-4b6c-a8fe-9dd1aabb6d9c
8073_i,08fc9b4b-38c9-4bf8-833a-6bff22c02b5b
8244_0,73fa5622-7d41-40a8-97b3-9d2d497a6041
8089_i,29c1ced4-5557-4d0a-a0e7-f3fc3c453cad
8101_i,36e8fb72-0d68-4308-b378-5dc669d85ed0
8275_0,0d0cb46a-902d-4892-9290-a93ecddd711b
8151_0,5ac02dbe-6a29-43c3-ac96-aa72a0819441
8251_0,4fdf7244-b5b4-4ad7-98f4-8db867799da1
8130_i,f522dc3c-c662-4d00-9933-bc1de36864c9
8135_i,f8d02f59-883f-400a-8051-186822c00453
8069_0,536ff2b1-3a8f-4e17-aea3-c256abec15ee
7103_0,c2a082ae-1cb5-4612-bade-4efa07973d3d
8948_0,de61e8ce-28b2-43f2-8232-c6fbfa25db96
8173_0,d4b11f66-f260-4f88-aaac-67f1766448cf
8436_0,142fa175-6829-4222-b814-18c44830e144
8169_i,dba0a54f-afcf-476c-891a-2f73f2e701e8
8385_0,75e3cc9b-a507-4ce0-9225-e244ad5bcc39
8192_i,410136f0-cdc6-45ab-a4cb-c5e54f19921f
8211_i,8b281156-86c1-4d1f-9183-c4b7c23e5e17
8703_0,abf36115-a288-415e-88e8-2f2e390221ab
8255_0,ba451b86-b90d-4f16-89cd-7b2ea326229e
8225_0,7eeec2d4-774f-4cb8-8426-f8d75ef07d24
9748_0,f33d3355-07a8-4818-b875-10e19940b5ae
8337_0,398b0727-5ed6-49b2-94c3-f61379260282
8897_0,d2c4688e-e38a-4c18-82e0-29e11379145f
8422_0,d416d0a3-ae79-4cb0-9f04-293213673e28
8322_0,c5ba8466-fe77-44f7-9dff-8cb20535f7cc
8205_0,aeb3c4a9-889f-485a-b23a-5ec69b1c05e8
11134_0,c7e12f6c-2721-499a-9087-919f3a380f95
8553_0,b10cb300-ffc0-4217-b631-733cb745f70a
8356_0,c6bf208f-7915-416c-bc04-3cbf78a822f4
8832_0,36da1b65-e79c-4b81-a616-a77ee2c6f394
9724_0,5e954500-2436-4fdd-9b11-2fec7c82f620
8185_0,7df471fe-7cd3-4209-9cac-2355a5c306cf
7755_0,604d321f-3aae-4bb5-ac42-af4493c3eff5
8667_0,e74b8bf6-22b5-4aa8-9b7c-7a8ec77b575b
8658_0,f48afd1a-11c7-45b5-b3ae-f142b497c6bc
8247_0,7e58fb0c-9013-464e-854a-5f238b209e5f
9103_0,de61e8ce-28b2-43f2-8232-c6fbfa25db96
8710_0,947b3803-3f32-4494-9ce4-fd666c26f8a4
8317_0,20b2ef3f-8980-479b-9b08-39d08d4f0380
8789_0,de61e8ce-28b2-43f2-8232-c6fbfa25db96
9207_0,7b1341c2-65f0-4239-9e8e-e2c07a76c839
9385_0,bc80966b-8425-4e5f-bb43-73f44414e0c3
9081_0,c19d3317-146d-4e2c-9ca7-80ea079c467d
9085_0,d84b2baf-8936-4643-9aa0-7a39f0ca63d7
8740_0,78dcd888-8b47-45f6-878e-d176d8dd6f6f
8224_0,ea58874c-edbd-42d7-a7b2-a426494a6cc2
7787_0,13bd2471-4c7f-425e-8a8e-d32c576d0d97
8245_0,ea6e7bd9-6254-4e00-8069-fb43ad10de9b
10401_0,52d18fd6-c6d6-47d8-877b-e683eff04c77
9197_0,0a7266da-7c57-4cb6-b36c-843aefce5f38
8804_0,9da8e4c2-626c-49dc-a7ed-76e0a0438b80
8270_0,a3a1e55d-258e-4504-83b1-44714ed47545
8313_0,f420345f-015b-4fdb-ac26-4e489530b830
8297_0,f7e65713-3acf-4e0b-b23d-7e72fd01c454
8243_0,e8083006-dae0-4bb6-a901-ed052d745cf7
8558_0,a2ada1d3-329d-44f3-9d5e-b42e4b952b1d
7152_0,890dda2b-414f-42ad-af43-e33f90e04df7
8645_0,fc1f5e1e-d849-4513-a538-8646f292b35c
8643_0,43fcb5fd-7239-47c5-ba55-0ae9407ed1a8
8370_0,47cee9d8-4859-4cb6-9100-4fb019044244
8096_0,da698c1e-de08-4311-b693-5b11349b61b6
8711_0,d85470fd-697f-445a-a636-6fbf1e1100d9
8933_0,df99fa26-6653-454d-aa30-adc0a571a914
8294_i,0e56ab42-0de5-4a57-927b-f8969fa67e0b
8745_0,c9a63bf5-0d8c-4f82-8159-b6d1aeaa4227
8304_i,e3f6f484-3d87-4cf8-befe-421b4aef799a
8314_0,066f1473-be92-471c-9921-5bd6d2da7677
8346_i,03386f7c-b4f2-4c84-9c3c-06fd9ff9210a
8368_i,e636f4cc-af85-4c64-88e4-47a4ee607fa7
8857_0,b65b89de-ba60-48fc-920d-58824e0787f3
8390_i,544a1633-1c0a-4426-937d-7fdbde2095d1
8400_i,f2f3de70-ac86-45bc-bc05-47ff656cbcd5
8560_0,0c900e27-6823-4813-9d5e-706a586d83c4
8426_i,c1d93c80-bc14-4c5e-a4e6-353e9588ed7d
8445_i,1cdd57b7-bc85-49f1-9354-e3e3cb24a365
8478_i,14440b0b-dcac-4cf2-b54b-7110580d6876
9422_0,ff1377ae-ae8a-44db-977e-30215ebc2244
8516_0,dec19880-653d-40c8-9dfe-c557a872309b
8504_i,a8db92c2-52fb-47d8-aafa-dc39af3f2332
8622_0,7b88ce95-787f-4eed-8287-8352c946106b
9405_0,00d6f909-bf79-421b-9702-3fa45a623b40
9098_0,bbb21080-0046-47a2-93b4-17995e07d28c
8486_0,06ffda6b-e145-4486-a1f1-a4a705f21e1f
8664_0,922a8613-466d-4101-b6a6-dcf31aeaa22c
8579_i,204c86fa-4322-4332-9544-124c766b2571
8802_0,41609126-35c7-481c-8c37-97e3b0d880d5
8642_0,b9d2c9e3-37db-4ad4-a2b2-eddf18156bbd
8594_i,e818af0c-f811-4dca-b396-e32ab394d9bc
8500_0,ea7b09b6-9c88-4307-99ea-0d253d059119
8587_0,d2d0fab9-ce44-458f-8c71-ee6aae9d2b8a
8410_0,5fbc6a2c-22c3-4a25-a1fd-a6592298b8ff
13091_0,643ba028-cad8-407e-8b14-3a5cf507dda0
8927_0,8d5c8d0a-0595-4082-bfe2-a6ae27220b49
10032_0,657fa566-34bd-4a27-be05-f6fe3bf7bec0
8698_0,6601547c-5d8c-496e-9b4d-656be278b7b7
8967_0,f61f849b-c6ea-4796-bb06-fcbe85b80d2a
10752_0,5d0f686d-5eab-45c1-a47f-0595f9cbf438
8610_0,ff39416a-1cf1-43d5-b36b-e704bf58007b
11440_0,b9b11492-4443-4a84-ad75-7bd312dd0543
9787_0,c7ab172f-415c-487a-9b37-f63cc0fbb094
9400_0,cbb751cb-3819-4d82-8397-b60e3bf29ccb
8818_0,8425f531-8735-4d6b-9240-90e3492fbf4e
9930_0,09483fed-67da-438c-945e-087629e0d1fa
8709_0,c1063c83-e907-4431-9769-3f4d38d5dd3d
8097_1,0ff80da9-3c0e-45ae-863c-b450329b0d39
8766_0,0029edf1-7606-4cd6-9a36-3c99f516fe4a
10405_0,52d18fd6-c6d6-47d8-877b-e683eff04c77
8129_1,138be664-4c43-4d88-8cf5-df45246b01fd
11178_1,e398af0a-5a0e-4847-b9ad-0ae2406ad9df
8395_1,e16ffcb5-02e8-42d1-9005-67180c847952
8431_0,2a1bf3a9-71e0-47af-9688-c1e615950967
8694_0,84915804-3ed2-48b6-a154-184aa00b19a2
8604_0,1ac2f7be-d647-4241-ae6c-a11c219f9114
8323_0,d7039ec6-cbcb-47bc-99a3-15bfa36a65f6
8657_1,667cd373-5143-42b7-8b56-b4f9de3c1fad
7961_1,9183aea9-8af0-4d5b-84af-3af53fc34822
8765_0,58aaf504-d991-437f-bfef-1184681bbf45
8406_0,eeb8f357-bcfe-48a7-8d0e-8a34fd56a0bd
9182_1,ba20fb11-1ee3-4bd1-9a2f-a5fa137b4634
8498_0,5fff96a6-a59e-4ac7-9911-3fc5927e6063
13056_1,a2583caa-bbf5-4afc-a9c9-e84794edce54
8428_1,63c30b4a-bdeb-4062-8034-9349a0cb0c70
8631_0,29512a4f-08ce-4bce-a004-f978ef889bdf
8416_0,b19e7096-3f77-48e1-b606-942bc7396c40
8663_0,82a532e9-1185-4bef-9e3e-ea306bb5578e
10005_1,1ac4511b-8887-4502-8bc2-1d162e7ee277
8397_0,1274b106-39fb-4666-af70-14def05564c2
8741_0,c4b7f6f3-1e7f-4101-a1bd-5d0c50a1377a
9644_1,68989f94-e04b-454d-aa74-9eafdbc48362
8345_0,d887610b-97e1-441c-b07f-e52ad892059b
8905_0,359c2942-0f01-411e-aa2f-e79916ad60a0
8647_0,7bcfbcee-03d5-44b2-84ab-25ab628a43d5
8618_0,0d0cb46a-902d-4892-9290-a93ecddd711b
8599_0,5ac02dbe-6a29-43c3-ac96-aa72a0819441
8879_0,29a5c649-6111-4fe0-a20d-e13b408f6f43
10029_0,bd4b7796-157e-4fbe-9bd8-c41c4b650bc4
9747_0,b318d0c6-81a9-4ec0-813f-50bfe56a472c
8613_0,7d9986d0-aa52-4c33-8b8e-761d4e36f20f
8351_0,da698c1e-de08-4311-b693-5b11349b61b6
8948_1,7b1341c2-65f0-4239-9e8e-e2c07a76c839
8394_0,d4b11f66-f260-4f88-aaac-67f1766448cf
8436_1,142fa175-6829-4222-b814-18c44830e144
8584_0,176480af-95fc-4f93-9fbd-58e5c00aa81b
8870_0,75e3cc9b-a507-4ce0-9225-e244ad5bcc39
9026_0,d3c4055c-4546-4f7f-82e9-f56068c4318f
9127_0,6d12cd1d-34a6-4214-9b46-0ffa292b8220
8703_1,abf36115-a288-415e-88e8-2f2e390221ab
8534_0,ba451b86-b90d-4f16-89cd-7b2ea326229e
8609_0,7eeec2d4-774f-4cb8-8426-f8d75ef07d24
9748_1,f33d3355-07a8-4818-b875-10e19940b5ae
8337_1,398b0727-5ed6-49b2-94c3-f61379260282
8897_1,d2c4688e-e38a-4c18-82e0-29e11379145f
8422_1,d416d0a3-ae79-4cb0-9f04-293213673e28
8719_0,320fe058-27c3-4e82-a462-cf35830b40f9
11134_1,c7e12f6c-2721-499a-9087-919f3a380f95
8585_0,6c7ade9d-0326-4524-af18-5df0ed4ad8d6
8697_0,ed654940-164d-42df-ab0e-70d2a172eb8c
8832_1,36da1b65-e79c-4b81-a616-a77ee2c6f394
9724_1,5e954500-2436-4fdd-9b11-2fec7c82f620
8185_1,5ec0d7f0-f6a5-40d3-bd9e-785e018a354d
7755_1,604d321f-3aae-4bb5-ac42-af4493c3eff5
8667_1,ff1837e8-fb2d-4a9a-abd2-1c7a6d21b808
8658_1,f48afd1a-11c7-45b5-b3ae-f142b497c6bc
8718_0,c4b09764-2374-41bc-97c2-0b665f7a2f65
9103_1,de61e8ce-28b2-43f2-8232-c6fbfa25db96
8710_1,947b3803-3f32-4494-9ce4-fd666c26f8a4
8620_0,20b2ef3f-8980-479b-9b08-39d08d4f0380
8789_1,de61e8ce-28b2-43f2-8232-c6fbfa25db96
9207_1,7b1341c2-65f0-4239-9e8e-e2c07a76c839
9385_1,55ddcfb9-ceb5-492b-91d2-03b4fe19ad21
9081_1,c19d3317-146d-4e2c-9ca7-80ea079c467d
9085_1,d84b2baf-8936-4643-9aa0-7a39f0ca63d7
8740_1,78dcd888-8b47-45f6-878e-d176d8dd6f6f
8224_1,ea58874c-edbd-42d7-a7b2-a426494a6cc2
7787_1,13bd2471-4c7f-425e-8a8e-d32c576d0d97
8245_1,ea6e7bd9-6254-4e00-8069-fb43ad10de9b
10401_1,52d18fd6-c6d6-47d8-877b-e683eff04c77
9197_1,0a7266da-7c57-4cb6-b36c-843aefce5f38
8804_1,9da8e4c2-626c-49dc-a7ed-76e0a0438b80
9136_0,de022b07-3513-4b79-9d94-f57f14a5357e
8297_1,f7e65713-3acf-4e0b-b23d-7e72fd01c454
8616_i,4bef1290-b3a1-459f-9dfa-9e9b994f15ef
9245_0,4b1d56c2-5d4d-4f1f-8b8c-fdd919992a9b
8668_i,49adf9c0-949f-4136-9039-351e5c61bec2
8693_i,7e6b55a7-f2c9-489b-94e3-4746f5cad781
8689_0,33bd181a-f51e-4908-988a-50d8c368ee93
8704_i,1d42860a-1ee5-48b1-ac51-37d0e5d594e0
7152_1,890dda2b-414f-42ad-af43-e33f90e04df7
8714_i,a1b74f99-0622-495d-b686-d26528226395
8645_1,fc1f5e1e-d849-4513-a538-8646f292b35c
8731_0,43fcb5fd-7239-47c5-ba55-0ae9407ed1a8
8869_0,77960b3c-6fd5-4334-99dc-bc295c4b019d
8738_0,aa6af5f5-59db-46d0-a18d-512006f7b520
8711_1,d85470fd-697f-445a-a636-6fbf1e1100d9
8933_1,df99fa26-6653-454d-aa30-adc0a571a914
8625_0,e28c7b17-2baa-4af2-a5e3-aa4e490ab0e8
8745_1,359c2942-0f01-411e-aa2f-e79916ad60a0
8659_0,e3f6f484-3d87-4cf8-befe-421b4aef799a
8783_0,b1b4f4f2-e93d-47fe-8709-2de56a88f25d
8823_i,808805a1-1f20-4e53-85b2-f2c6aa59c5cf
8946_0,3ca2f3a2-ebb4-413d-9820-7daec4c93fc0
9008_0,2339b7ff-27d8-4b98-8ed8-0156c6dd132b
8857_1,b65b89de-ba60-48fc-920d-58824e0787f3
9086_0,5e06eeb5-ced7-4ab1-ac66-0f69b38cffa3
8686_0,65d14565-b27a-4034-a13e-b023193b14f8
8560_1,0c900e27-6823-4813-9d5e-706a586d83c4
9659_0,322a52fc-4bfc-4b1a-b564-96974331dabd
8872_i,ad41d300-1fa6-4c56-8a43-19c717ea4147
8445_0,1cdd57b7-bc85-49f1-9354-e3e3cb24a365
8901_i,1ffbe3a1-58d9-4d2c-b5c0-b43b0771509a
8793_0,19a3c292-62d9-4f37-b0c4-50b0a3bb2b97
8912_i,8370fedf-d58a-49a6-9f63-b113a3eafe47
9422_1,e7bdaa54-6ad5-443b-a158-bcb2111983eb
10146_0,42413839-6c55-428f-9dd3-e9de89a33bc4
8504_0,a8db92c2-52fb-47d8-aafa-dc39af3f2332
9742_0,d6777cfe-9f7a-4eee-aa93-934987553ec9
9405_1,00d6f909-bf79-421b-9702-3fa45a623b40
9098_1,bbb21080-0046-47a2-93b4-17995e07d28c
10341_0,e9d0ebf7-7447-4a60-9610-71aa1c76e0de
9522_0,93491b38-8808-4b59-8ae6-4b3042e6b2f5
8986_0,5616087a-be20-46f2-b889-9aa172cd9489
8995_0,41609126-35c7-481c-8c37-97e3b0d880d5
9032_0,0d66aba7-a56e-4c63-934c-5cabede4a590
9100_0,6cb63af1-92b2-4037-9bdc-135d8db3a099
9001_i,14ef7d65-5d75-4989-a596-2fee90bbc58f
8886_0,28a2a8fe-ab21-4dcb-b3d3-42ab042cd621
8934_0,6010ce27-0bdc-49e8-8123-d0cd78bc436f
10324_0,057baf43-ebf0-4331-9f4e-137644a3bc5f
13091_1,643ba028-cad8-407e-8b14-3a5cf507dda0
9123_0,a67c03eb-1061-4a27-87ef-d8639c4c159a
9072_i,6d76f9dc-e3db-4a22-bfa6-ababc1cccab4
10032_1,657fa566-34bd-4a27-be05-f6fe3bf7bec0
11796_0,d0130f23-7ae8-4c54-9792-784629049409
9687_0,f61f849b-c6ea-4796-bb06-fcbe85b80d2a
10752_1,5d0f686d-5eab-45c1-a47f-0595f9cbf438
9188_i,3ee7804d-e2c2-4973-bed9-5049b9ecf6fa
9196_i,9007bdf2-c628-4cea-857d-fcdaf4cb78cb
9587_0,0004ff28-12ad-4662-9377-3ff6048a7d4c
9240_i,a13d9987-af4c-449b-9eae-7e9a1a2296f5
11440_1,b9b11492-4443-4a84-ad75-7bd312dd0543
9787_1,c7ab172f-415c-487a-9b37-f63cc0fbb094
9259_i,d838ee3c-2e40-4934-a322-8d96eba27af6
9400_1,cbb751cb-3819-4d82-8397-b60e3bf29ccb
9281_0,8b7a4258-5ec7-43c0-981c-c5602d936a7b
9930_1,09483fed-67da-438c-945e-087629e0d1fa
9377_0,e9e3de57-9930-4819-8b52-a083bd3bb6c3
9291_i,8fce6864-875e-4469-9bb8-9cf0626496fe
9997_0,9caaa36c-a50f-45ca-9380-1a619554191e
9387_0,bd2e98ad-da37-4d41-a5f2-0241614aa5b3
10405_1,52d18fd6-c6d6-47d8-877b-e683eff04c77
9769_0,b40a9add-b3be-4b02-85aa-6c9612c25717
11178_2,e398af0a-5a0e-4847-b9ad-0ae2406ad9df
9295_i,a6e694fe-7f30-4f16-9429-65f821dc6d28
10204_0,cf384a9e-1468-4e5a-8788-8457302ac46b
9229_0,42413839-6c55-428f-9dd3-e9de89a33bc4
9461_0,4dcfc2db-33d4-48d5-ab50-6f8d00c84868
9312_0,d42e5749-5e9b-4856-a557-9233e016dcc4
10041_0,2bc56f59-eb84-46fe-b683-21af10bba1d3
8932_0,1219b006-f2a2-4984-9407-8c38a48b76d6
9562_0,7ebdd3be-23e3-4d74-a393-4eab07b3ac2d
9445_0,84674185-7c90-49c7-a6e2-4f1f02a37c70
10550_0,ebae889e-0573-41e5-9182-f94d8045ecf7
9319_0,6c6a7ee2-d6df-477d-bd5c-0c898d29b495
13056_2,a2583caa-bbf5-4afc-a9c9-e84794edce54
9473_0,285b116e-b5b5-46a3-ae62-2d619ef523c3
10281_0,69c6ba73-f98b-4be2-b77e-18121adae2c8
9443_0,ad41d300-1fa6-4c56-8a43-19c717ea4147
8939_0,82a532e9-1185-4bef-9e3e-ea306bb5578e
10005_2,1ac4511b-8887-4502-8bc2-1d162e7ee277
9357_0,093078cb-9414-4c29-aeae-7a59d326c851
9586_0,8a4057e8-a19c-425d-a616-0ac47e02d54a
9644_2,359c2942-0f01-411e-aa2f-e79916ad60a0
10314_0,b16dd2d7-8e97-423f-803c-8fdf3cdcd51a
9756_0,0eac8184-6348-4956-a693-0ed876b1e9ed
9726_0,7bcfbcee-03d5-44b2-84ab-25ab628a43d5
9493_0,0d0cb46a-902d-4892-9290-a93ecddd711b
9397_i,4bb765b7-b86a-459c-8e0e-107aa681cb32
10183_0,88ef66fd-9f68-484b-ae57-1ae339aafe10
9401_i,0d517a1d-688d-4b18-aace-ff842fd47607
9403_0,42ee9fcd-0bd0-48c9-8dff-df87bcebee6f
10029_1,bd4b7796-157e-4fbe-9bd8-c41c4b650bc4
9747_1,34fde3d3-80da-4d03-a6bc-1ddb0d0b7b0c
8613_1,7d9986d0-aa52-4c33-8b8e-761d4e36f20f
9392_0,5fe0630c-146e-4586-b27b-bde52f68351d
9420_i,0ca7c0df-663c-42b3-a867-40e545cf3d2b
9594_0,7b1341c2-65f0-4239-9e8e-e2c07a76c839
9437_0,d4b11f66-f260-4f88-aaac-67f1766448cf
8619_0,baa435c0-3381-4b8d-a4d3-c78cd45f7fa3
9867_0,8b3fcd6c-d9cd-4ef4-ab53-a0897bbde1db
10058_0,75e3cc9b-a507-4ce0-9225-e244ad5bcc39
9615_0,8370fedf-d58a-49a6-9f63-b113a3eafe47
9453_i,55b4ea5d-3ed0-4770-95d4-43962de08268
9508_0,6d12cd1d-34a6-4214-9b46-0ffa292b8220
10364_0,e4fae48a-0bf1-455f-a06b-a8ece0d2cebd
9498_0,ca20b34c-ef3a-4f0f-a364-846fb20f30ab
9748_2,f33d3355-07a8-4818-b875-10e19940b5ae
9491_i,802d61a9-cb23-4564-96aa-123a47bd3bb8
9501_i,8063a27a-7f12-4668-85fe-f88f84c4e1de
9504_i,9daa52b4-7dd5-4684-86e1-bff07aafaabb
9375_0,bcfd4b85-3cc3-4aac-8bdc-580865a936e4
10819_0,9836a4b0-343d-41e8-8507-5922967a22db
10363_0,3c5274f9-adf6-43c1-9792-8f673ab3a233
9778_0,2a99d8ed-7699-4b1a-bcb9-7c2c2e7ceb7a
9574_i,45a972f7-43be-4229-8455-5c4ddfc381fd
11134_2,c7e12f6c-2721-499a-9087-919f3a380f95
9790_0,5fe0630c-146e-4586-b27b-bde52f68351d
10431_0,b2837654-9019-421e-9e78-23024dd1c5da
9724_2,5e954500-2436-4fdd-9b11-2fec7c82f620
9470_0,604d321f-3aae-4bb5-ac42-af4493c3eff5
8667_2,ff1837e8-fb2d-4a9a-abd2-1c7a6d21b808
10111_0,f48afd1a-11c7-45b5-b3ae-f142b497c6bc
9649_0,647b7fe2-17c7-4d50-b4ab-a91c0edc3302
9103_2,de61e8ce-28b2-43f2-8232-c6fbfa25db96
9624_i,53400984-c469-42e9-979b-d0ebae64aa5c
9627_i,8dce1884-9ae9-4696-90ae-560e6a36ec9a
9634_i,c46989a8-9f9f-4152-9934-683aa407fd02
9638_i,3066f103-311e-4331-8bf9-00a4205a0f5a
9929_0,20b2ef3f-8980-479b-9b08-39d08d4f0380
9633_0,7b1341c2-65f0-4239-9e8e-e2c07a76c839
9658_i,245f3e53-7e37-4aeb-97c3-1811f14e4c78
9207_2,7b1341c2-65f0-4239-9e8e-e2c07a76c839
9722_0,55ddcfb9-ceb5-492b-91d2-03b4fe19ad21
10017_0,56084a84-12d2-4656-a779-56ff2a805ce3
10379_0,617bd7da-49e3-4610-b27c-482dbd28315e
9676_i,c32a58db-19f2-4fcf-839f-305138d4d80d
9044_0,8126d542-7891-4dce-b7ae-a6606184be7f
9861_0,c2ddfa82-4d8f-44b3-bd01-79416fddd838
9926_0,3fff971d-faad-4214-a62e-43f438e8d024
10401_2,52d18fd6-c6d6-47d8-877b-e683eff04c77
11280_0,db026ba4-34d5-4298-9b44-10eb60cc0d0b
9990_0,032a532f-79ab-422f-be22-519a05ace43e
9835_0,de022b07-3513-4b79-9d94-f57f14a5357e
9847_0,f7e65713-3acf-4e0b-b23d-7e72fd01c454
10065_0,9337b991-15ac-40cc-b61c-f94f161e8e85
9663_0,4b1d56c2-5d4d-4f1f-8b8c-fdd919992a9b
9436_0,49adf9c0-949f-4136-9039-351e5c61bec2
9678_0,fb28f4cd-7488-4ffc-8f4b-b8c45e0dd2d6
10420_0,836e66ac-11a9-478c-8159-264f5ee641d3
10167_0,4593b35b-3a0c-4d74-9ea1-b6cd40524647
10226_0,cae91712-bf66-4483-8f79-63924df2399d
9758_0,8a9c6772-2441-4e1a-9e97-e1a94abbc176
9665_0,77960b3c-6fd5-4334-99dc-bc295c4b019d
11060_0,5a35aca3-e425-4b29-9942-f54e2f426d79
9781_i,7c87ef11-5acc-4f05-9ba3-341618d3d758
9642_0,fb691072-fd4d-456d-acf6-4c6e66f29bc4
10142_0,99ee048b-99b8-4c68-848a-e6c95344062c
10151_0,7701501e-4c22-43fd-9e1f-a9a1445f71bb
9962_0,de1bd5ed-bbf5-4ed3-8950-5f5c02df1fa6
13229_0,faccd327-43b1-4c95-9a99-020b687b9e96
9965_0,c0a0ff03-7fa2-4797-8687-6af9b77d73e3
9941_0,0e9e8239-2653-4950-9e45-b19f36bc9f43
9721_0,c8a0fc28-eaf9-4bdf-8d8e-d689ea1082e4
9870_i,5dad21bc-fa34-4813-9cad-9d0b01b88462
8560_2,0c900e27-6823-4813-9d5e-706a586d83c4
9659_1,322a52fc-4bfc-4b1a-b564-96974331dabd
9982_0,324b06a6-f0a6-4f07-8df0-06dda3b0df7b
9551_0,585da0c0-ab68-40a5-9b95-a104c1c992da
9983_0,19a3c292-62d9-4f37-b0c4-50b0a3bb2b97
9771_0,8370fedf-d58a-49a6-9f63-b113a3eafe47
10146_1,77960b3c-6fd5-4334-99dc-bc295c4b019d
9942_i,91923f62-eb0c-4d15-b27e-8621c0a95229
8504_1,a8db92c2-52fb-47d8-aafa-dc39af3f2332
9984_0,edf3df23-285c-41f0-9dbc-8efa34ab28e8
9405_2,00d6f909-bf79-421b-9702-3fa45a623b40
9961_i,b8bb52c1-19bc-4579-bdc2-84610b30605d
9960_i,09d6a8a2-5a06-4aa7-bc54-50bab4ab5f00
9854_0,677fca97-00a6-42e9-abfa-d0efdfbadc77
10341_1,e9d0ebf7-7447-4a60-9610-71aa1c76e0de
9998_i,777035d9-f8e0-474d-9916-b6393793a4bb
10269_0,1595add6-34d4-43f6-bc8a-c6fe8dc595dd
9732_0,b7fa1016-2f98-4d52-a31c-15be271d4d79
10988_0,031f12d4-e692-43b0-9b72-1623404d3b41
9849_0,b2e707e3-5c90-48a4-b4b3-faae17c210e6
10692_0,14ef7d65-5d75-4989-a596-2fee90bbc58f
9460_0,9b9d8958-11ee-480c-8476-fe016001bc55
10051_i,35b014e9-9f3b-4642-8965-0085f024418d
10224_0,d3472510-e2f4-48f1-997f-68a90db6727e
10324_1,057baf43-ebf0-4331-9f4e-137644a3bc5f
13091_2,643ba028-cad8-407e-8b14-3a5cf507dda0
10068_i,7b1341c2-65f0-4239-9e8e-e2c07a76c839
10241_0,a67c03eb-1061-4a27-87ef-d8639c4c159a
10101_0,4cf8c3bf-a3d7-43b0-a535-8f26f5b35745
10091_i,3302c559-8e1c-4f41-9d90-73fcf68ef1a6
10107_i,031f12d4-e692-43b0-9b72-1623404d3b41
10857_0,dfb84286-e3b5-4bb1-b85c-34a6b1934682
11796_1,d0130f23-7ae8-4c54-9792-784629049409
10134_0,afd75529-3ba1-483e-b8a8-b9f40ea3ad35
10752_2,5d0f686d-5eab-45c1-a47f-0595f9cbf438
10218_0,324b06a6-f0a6-4f07-8df0-06dda3b0df7b
10318_0,49a52b00-08d6-4cf2-839e-b78484b79612
9657_0,0004ff28-12ad-4662-9377-3ff6048a7d4c
10214_i,7b1341c2-65f0-4239-9e8e-e2c07a76c839
10969_0,b280fbbe-ee01-40bb-a7fe-15f54618edbb
11440_2,b9b11492-4443-4a84-ad75-7bd312dd0543
10037_0,3e7b3cd1-4505-4bda-a084-d863bb093b4c
10383_0,a8b03270-43a3-41a0-b57c-b831fd993986
9853_0,cbb751cb-3819-4d82-8397-b60e3bf29ccb
10223_0,8b7a4258-5ec7-43c0-981c-c5602d936a7b
9930_2,09483fed-67da-438c-945e-087629e0d1fa
10265_0,c92e9877-febb-4b4a-bb6a-062393cfccbd
10687_0,f867431c-d151-4000-99f8-8a8418b0466e
10130_0,9caaa36c-a50f-45ca-9380-1a619554191e
10777_0,bd2e98ad-da37-4d41-a5f2-0241614aa5b3
10405_2,52d18fd6-c6d6-47d8-877b-e683eff04c77
10965_0,d890a072-0bb9-4cf4-9568-23eb2b1e1a20
11178_3,e398af0a-5a0e-4847-b9ad-0ae2406ad9df
10347_0,8ecff1b1-476f-4b64-89a0-201a0eec382a
10204_1,cf384a9e-1468-4e5a-8788-8457302ac46b
10360_0,a09c4fc8-ed3e-498a-a2f6-83e10dbd2878
10268_0,52d18fd6-c6d6-47d8-877b-e683eff04c77
10626_0,613ebbda-0a96-4610-a685-d6a51b709115
10041_1,2bc56f59-eb84-46fe-b683-21af10bba1d3
12098_0,e5b33168-2a46-4cec-9d39-f7bd2507807e
10359_i,58d0a45a-0ae6-48f9-b243-a9753a9695cc
11095_0,2a1303ea-2467-4899-a58d-ca9e16db8bc0
10550_1,ebae889e-0573-41e5-9182-f94d8045ecf7
13056_3,a2583caa-bbf5-4afc-a9c9-e84794edce54
10315_0,5037667d-4a46-45ad-b4cd-89ea52d50f80
10355_0,d2b16c21-6956-4d0e-bba8-5801202c8c7c
12697_0,435a378f-fbf9-4e30-8eea-49001d3dceae
12653_0,7bc05496-f760-400d-95a0-5cb56cd79155
10771_0,fbbf69b0-d2c0-4100-a0c9-982d9ba6a9d2
10395_0,093078cb-9414-4c29-aeae-7a59d326c851
10630_0,8a4057e8-a19c-425d-a616-0ac47e02d54a
12130_0,a6bfd859-3391-4b01-ad13-f2fdc0633eb2
10314_1,b16dd2d7-8e97-423f-803c-8fdf3cdcd51a
10977_0,5a35aca3-e425-4b29-9942-f54e2f426d79
11769_0,c657126f-b61b-4348-b2f7-b190e4d8d56b
10551_0,d399a0a1-1ce1-4766-91f2-963263034bd9
10486_0,6f1fd151-2e1a-4093-91bd-0267019b6bec
10591_0,0d517a1d-688d-4b18-aace-ff842fd47607
10525_0,d36f5a04-20a0-4062-b3cd-47653f200a95
10143_0,9c49a536-69e2-4826-8328-1fc9d63495ed
12142_0,888b1669-331b-4562-b6ea-7548f794cd6f
11376_0,83149981-1899-479c-8513-74d820ba7571
10480_0,0ca7c0df-663c-42b3-a867-40e545cf3d2b
10443_0,8f4346d5-493f-4be5-8869-4094ff716e61
10851_0,82d22bca-607d-4f30-a966-e898671fd6dc
10822_0,cf53cb07-aeff-4d53-9f6b-8d55080f4acd
11201_0,20c6aeb5-9197-4c07-b460-dd3b5cb31587
10475_0,c3ab08cc-2941-40ff-9f73-49a6d2b8a1bd
11051_0,6b202f0a-bb45-414f-a7bc-1fd9af08519b
11071_0,1d22af00-3722-4f8b-be68-b81cbe503939
10652_0,1a95f5c1-0c19-472f-8eba-cb78dfb7d9ad
10501_i,35a0a559-7ea0-451c-9d62-da2b26e84267
10835_0,f33d3355-07a8-4818-b875-10e19940b5ae
9999_0,ff7af20b-01b3-424a-9f43-3ed8e8e4add7
10665_0,e88711b0-0b72-4512-8c59-75840186f261
10544_0,9daa52b4-7dd5-4684-86e1-bff07aafaabb
10535_i,49a52b00-08d6-4cf2-839e-b78484b79612
10556_i,a3766dfd-7f4c-4ba4-afc5-ed038f324625
10819_1,9836a4b0-343d-41e8-8507-5922967a22db
10944_0,8d29758b-f838-4caa-97c6-11835fd6fcf0
11382_0,b52b2ed8-3b86-44a0-af61-f9ae894ea824
11134_3,c7e12f6c-2721-499a-9087-919f3a380f95
10592_0,cae5e40f-e012-4d87-a911-6d2ab065dbfe
10872_0,634194c6-3f34-4baf-9700-4da37e6aace5
10456_0,ce087693-549f-4128-8da0-554243e08781
11109_0,97af928d-e884-4b90-bbee-b0c8008e1ce1
10261_0,ff1837e8-fb2d-4a9a-abd2-1c7a6d21b808
11920_0,cb58e3b0-7d93-4fe6-ad45-bda480a540f3
11043_0,2b763c46-281a-4c1e-aa7e-43624429b97a
10795_0,9cc1e586-e191-40de-9e42-f5c412a216de
10911_0,3e71ab70-7914-460a-82b9-9032bbd62581
10686_i,0e464c26-8238-474a-b4a8-2bee93169546
12592_0,c46989a8-9f9f-4152-9934-683aa407fd02
10442_0,e232614c-18bd-4cd8-9893-dd780709990d
10698_0,20b2ef3f-8980-479b-9b08-39d08d4f0380
11054_0,35e3b623-bfc8-4510-a2ba-017139715ff8
11535_0,35e3b623-bfc8-4510-a2ba-017139715ff8
10662_0,617bd7da-49e3-4610-b27c-482dbd28315e
10768_0,b9d30a05-560e-4dbc-80fe-67957e2e0321
11344_0,a8c591ce-38e3-4d74-9d28-ec601b8dd243
10749_0,f9808986-5c5b-44c4-a0fd-246a60b0f926
11038_0,03b0edcd-e4ea-49d5-bef9-fd1da848ddba
11280_1,db026ba4-34d5-4298-9b44-10eb60cc0d0b
12083_0,35e3b623-bfc8-4510-a2ba-017139715ff8
10793_0,7accc879-1907-4617-baaa-86c55ccda4e5
11118_0,407ca3c4-6a7a-4976-a3f1-591c394112d8
11984_0,86e1ba0a-5cff-41b9-a22d-3236545dabce
9436_1,49adf9c0-949f-4136-9039-351e5c61bec2
10938_0,53cbae5f-136a-4ffb-a609-ff7e5e4ed11f
11064_0,363eb934-5ca6-4f94-910b-638aaf729f28
11614_0,d2d3fe5e-bb69-4724-8c51-09c9386eef88
11353_0,5a35aca3-e425-4b29-9942-f54e2f426d79
11238_0,7e11e41c-c384-4ca7-b0df-0aebcaffc808
10916_i,3120f218-ac93-4191-961f-da5b63b778bd
11096_0,f5912648-3d87-43eb-8723-079a0c77ef35
11060_1,5a35aca3-e425-4b29-9942-f54e2f426d79
11754_0,7c87ef11-5acc-4f05-9ba3-341618d3d758
11840_0,44a48da2-ade3-44f5-aa09-14ff891ca3b0
11093_0,f5912648-3d87-43eb-8723-079a0c77ef35
10973_i,23333cdc-b9e9-4483-a4bb-142ce76543b0
11100_0,610d7aa9-8874-44f0-8b78-b8ff366a5afb
13229_1,faccd327-43b1-4c95-9a99-020b687b9e96
11184_0,7be48a58-9a7f-4f49-af7f-d7d3b1cb01a8
10791_0,c9b8e2ad-7107-43cd-bc88-0f268db5fd34
10863_0,9d8f8801-e5c2-4d85-8bf7-f6d5580df1f7
11334_0,172c2692-541d-4b78-8b6f-068352ac59da
12122_0,1c1a120e-2569-435f-926a-d41169018d74
11453_0,1185134c-5451-440d-9dbc-8bf7e47aff9c
10844_0,363eb934-5ca6-4f94-910b-638aaf729f28
11248_0,f5912648-3d87-43eb-8723-079a0c77ef35
11139_0,52dea4e4-1b0b-434a-a643-478ec389723d
11394_0,5f9bb870-c23f-4e63-aff2-95bf496be11b
11411_0,7eb9b56c-b320-47bd-934b-7034da9c70ac
11034_0,fb2bbb41-8e21-4176-8988-f8c443cad13c
11739_0,3a864f4e-7e10-4204-8d9d-fae9d53ec574
11065_0,14944eb6-ef67-4e3d-bc89-94febeaaf92f
11335_0,4a2c4479-6752-4138-b2da-e55cada950c2
11113_0,10371ee1-0015-4c95-af53-129efad582e4
11011_0,3120f218-ac93-4191-961f-da5b63b778bd
12230_0,610d7aa9-8874-44f0-8b78-b8ff366a5afb
11155_0,6b353a75-63c4-4618-8a86-df22235e1100
10773_0,b6e39896-75d6-4d43-a9af-5607919e9d72
12055_0,2b9651b2-93d4-4567-8d4b-b61aa0ed3e76
10879_0,b0ae91de-6500-41a1-a792-d97c92283f66
13091_3,643ba028-cad8-407e-8b14-3a5cf507dda0
11527_0,70dc162c-5588-49f5-abb5-a77b422c4cff
11645_0,8273917d-94b5-4d1e-ab83-e7a886d547db
11284_i,856b838c-3057-4515-bd49-b8de2a8810f5
11730_0,90ffe71d-b699-442c-83a5-cc123cd96593
11796_2,d0130f23-7ae8-4c54-9792-784629049409
11524_0,2b39e2a2-f0ba-497d-9619-da5bb9106046
10886_0,172c2692-541d-4b78-8b6f-068352ac59da
12454_0,610d7aa9-8874-44f0-8b78-b8ff366a5afb
11721_0,3120f218-ac93-4191-961f-da5b63b778bd
11013_0,0558ba66-36c5-4274-99d5-75761d89ce75
11373_i,d49333a2-c8e1-443b-9a53-581aeb3e45ca
12198_0,b280fbbe-ee01-40bb-a7fe-15f54618edbb
11440_3,b9b11492-4443-4a84-ad75-7bd312dd0543
11412_i,b1441480-4edc-45b5-bd29-e2f25b7cd3f3
11574_0,3120f218-ac93-4191-961f-da5b63b778bd
11338_0,53cbae5f-136a-4ffb-a609-ff7e5e4ed11f
11377_0,bda8c011-e30d-4271-9712-a1b9599cc718
11468_0,793ed164-b716-4556-9a51-71aea198ae2d
11493_0,946c3ec2-4036-4191-bb4f-07cd48662b79
12139_0,e566a673-0eee-4a35-8098-86ab1c101181
12106_0,ac3f7fea-f1b9-4bc4-be0c-6edbb421788f
11447_i,130f4e4c-92c4-4991-a646-f6ca7d4dce33
11342_0,0df95862-7927-4087-9ea6-25c0eb27cdb7
12620_0,3934cccb-0e8a-419a-885e-83b1d2cf8e20
11446_0,d9cea50c-4b69-4ce2-9a97-443107cabcc1
11473_0,9786d8ee-b046-4b02-9d51-a2c598495283
11513_0,6bbcafbe-5998-4a3a-b67a-5d938b08fead
11750_0,854a8ec6-43a8-423c-895b-08524fac0b7b
11508_i,7124de6f-5dde-4954-bf6a-51a7b70f3f57
12760_0,b00c278d-396c-4a5b-9251-170dc03e2dff
12098_1,e5b33168-2a46-4cec-9d39-f7bd2507807e
12286_0,55c72e3e-f919-4ae5-8b99-96b06312c436
11510_0,09cc90f5-8113-472b-90c8-c9e472b62dd1
11780_0,abe5ca56-d88f-41bd-86b8-174a81c30e97
13056_4,3934cccb-0e8a-419a-885e-83b1d2cf8e20
11562_0,5037667d-4a46-45ad-b4cd-89ea52d50f80
12103_0,79b4dc2c-5382-4b17-b841-70a529ecb33b
12697_1,435a378f-fbf9-4e30-8eea-49001d3dceae
12653_1,7bc05496-f760-400d-95a0-5cb56cd79155
11604_0,037b7629-9ad1-499b-9bec-2789ec4a443d
11668_0,dc5d0290-a2b3-4c46-bcfd-2bc997d4c758
12199_0,04f573a0-5710-46b7-90b8-dea9b9c8d019
12130_1,a6bfd859-3391-4b01-ad13-f2fdc0633eb2
11506_0,758978f6-e739-4dd7-9b6e-7ddf053f7d20
11769_1,c657126f-b61b-4348-b2f7-b190e4d8d56b
11711_0,9d2773bb-668f-4811-975b-8696a3862d07
12149_0,25048c97-07de-454d-ab3e-b2ac18993a66
11899_0,979dca21-bd87-4a50-b5da-284485da9de6
11771_0,f6691414-28bf-44c1-8dba-6f306a7c42bd
12142_1,888b1669-331b-4562-b6ea-7548f794cd6f
11962_0,83149981-1899-479c-8513-74d820ba7571
11692_0,0ca7c0df-663c-42b3-a867-40e545cf3d2b
12767_0,3934cccb-0e8a-419a-885e-83b1d2cf8e20
11712_0,a333b6a5-af5e-4468-80cd-4169282aa1de
11673_0,cf53cb07-aeff-4d53-9f6b-8d55080f4acd
12293_0,20c6aeb5-9197-4c07-b460-dd3b5cb31587
12880_0,9930aecc-219c-4d1e-8f5b-bcf13ce9dd5d
12202_0,1a0619a9-f223-408c-9551-67dd0c0a2336
13199_0,5a417332-772c-4ea3-aeaa-37f31bdad8c7
11660_0,ec738f95-b823-44a2-8972-d825da8a9066
11664_i,3244cea9-8e3c-4505-9cc5-a25fffdd6c1b
12205_0,d5d803e3-5059-47f2-84d2-513449492c0e
12479_0,52ab20bd-4edf-473c-9418-99243ba8d6bd
11710_0,9daa52b4-7dd5-4684-86e1-bff07aafaabb
11035_0,e25d3a21-316a-41ee-8b9c-f055c2e8a789
11878_0,70dc162c-5588-49f5-abb5-a77b422c4cff
11703_0,2a3c9420-8a0b-4361-b038-27b2f4149076
11794_0,8e6e7e6f-2d3e-4bf4-8d06-a55d70402713
11134_4,c7e12f6c-2721-499a-9087-919f3a380f95
11985_0,732e7df0-dff8-4897-b125-a662406ec254
14003_0,21ff883c-6707-43b8-8943-5f9a214f5b00
11286_0,b974fb25-92d4-45b2-aaa4-5631852ac1e2
11765_0,97af928d-e884-4b90-bbee-b0c8008e1ce1
11920_1,62dcc4c8-e647-4448-ae6f-bfeb56329450
11725_0,b7acbc7f-29f7-4e74-925b-f35c68088150
12328_0,065daaec-2da8-433b-ae35-c26df3a83db7
11902_0,3e71ab70-7914-460a-82b9-9032bbd62581
11744_0,d2fe03da-62a9-4c6a-a028-4009e77b8890
12592_1,c46989a8-9f9f-4152-9934-683aa407fd02
12588_0,c32066a0-c7f6-47b3-8b28-30fdb061ea0d
12744_0,20b2ef3f-8980-479b-9b08-39d08d4f0380
12929_0,96ed8569-8b88-4788-854c-49688bb249b5
11647_0,9eaeef61-a792-4172-8cca-67fb9d7d0c70
11822_0,7f6b1def-1831-4cea-923b-8a7e0897d407
11877_0,70dc162c-5588-49f5-abb5-a77b422c4cff
12855_0,813fe3f0-b2b0-4510-99e0-a6629aeb2f0e
12083_1,363eb934-5ca6-4f94-910b-638aaf729f28
10793_1,7accc879-1907-4617-baaa-86c55ccda4e5
12540_0,ffaf2b39-c5ee-4427-90eb-e4dda104542c
11984_1,86e1ba0a-5cff-41b9-a22d-3236545dabce
11037_0,12f60aa9-3c4b-498b-abc1-c1d890812fed
12092_0,53cbae5f-136a-4ffb-a609-ff7e5e4ed11f
11969_0,56884721-2d12-4729-aca5-48ffefe62dc4
11353_1,5a35aca3-e425-4b29-9942-f54e2f426d79
12233_0,7e11e41c-c384-4ca7-b0df-0aebcaffc808
11982_0,3120f218-ac93-4191-961f-da5b63b778bd
12210_0,f5912648-3d87-43eb-8723-079a0c77ef35
11930_0,758978f6-e739-4dd7-9b6e-7ddf053f7d20
12137_0,2982fc5e-7aa5-4108-be6d-d9e3afbc5c87
11840_1,44a48da2-ade3-44f5-aa09-14ff891ca3b0
11816_0,65b41a6e-ff73-4d57-9138-f0820b425f22
12091_0,fab2b4a9-4a78-40d3-9bdf-ff957f11b20a
12044_i,8662846b-47c3-46f0-8dbc-d2fc04d1b8f3
11938_0,2fbbb8ef-38c7-4a8b-8b71-4674aa81aa89
13229_2,faccd327-43b1-4c95-9a99-020b687b9e96
11860_0,15b5d457-9e32-4e6b-8848-1350ad8f9ccd
12003_0,d4f08f9c-3034-4043-a71d-a899f7707c18
12078_i,71964b3b-c291-4394-b260-f5c22e677dbe
12136_0,9d8f8801-e5c2-4d85-8bf7-f6d5580df1f7
11334_1,172c2692-541d-4b78-8b6f-068352ac59da
12122_1,1c1a120e-2569-435f-926a-d41169018d74
11261_0,6fd5b5cc-d2b0-4d4a-bb20-cb6f56fcac6e
12192_0,52dea4e4-1b0b-434a-a643-478ec389723d
12319_0,d46b002b-cfd9-43f2-ab3f-5de9067cc655
12226_0,d6f0889a-3ae8-415e-b306-635299e1f63a
12694_0,5669f8b3-da5d-4fd7-9393-e3468b77c11d
12677_0,3b77c1af-cf1f-4ccf-adab-9417f0cee7b8
12533_0,4a2c4479-6752-4138-b2da-e55cada950c2
12237_i,ce459e27-77f1-41aa-99b8-57479bb894b6
11595_0,b61f635d-d0fa-4475-a559-eaee379ad1a9
12230_1,610d7aa9-8874-44f0-8b78-b8ff366a5afb
12377_0,2ea94013-a1eb-422a-8a4a-03c16cbd355c
12055_1,2b9651b2-93d4-4567-8d4b-b61aa0ed3e76
13091_4,643ba028-cad8-407e-8b14-3a5cf507dda0
12346_i,b579ee4a-5168-45ed-8940-a12505a9bd10
12461_0,8273917d-94b5-4d1e-ab83-e7a886d547db
12598_0,c3f8d830-adb1-4772-b210-d57f85817bbc
12942_0,b7789bfb-4c32-4ffe-b77b-d584d7da0758
12674_0,2b39e2a2-f0ba-497d-9619-da5bb9106046
12441_0,172c2692-541d-4b78-8b6f-068352ac59da
12454_1,610d7aa9-8874-44f0-8b78-b8ff366a5afb
11721_1,c91844a8-a067-4632-be19-8a1ce0f3465f
12504_0,0558ba66-36c5-4274-99d5-75761d89ce75
12614_0,3e368deb-b6dd-4238-b7e5-ef8fbc6b1b3e
13872_0,29b4ae2b-96b9-4a8f-9f15-1720973a1a47
11440_4,b9b11492-4443-4a84-ad75-7bd312dd0543
12606_0,68ccd7e5-319d-47c6-a572-6a8d95dbb8b1
12705_0,246b1d07-d49c-45df-9c0f-d20c5a587624
14441_0,0e26cf1d-9724-4627-a8d1-798df9f91c1a
13375_0,5e031c23-00ca-4a9c-9023-0d2407da664c
12791_0,99a2ff2d-3ed0-4b2a-b4c5-604770e54e19
12510_0,062a1b1b-33e8-41a9-9e39-c3b9e80b6e98
12546_0,ac3f7fea-f1b9-4bc4-be0c-6edbb421788f
12508_0,979dca21-bd87-4a50-b5da-284485da9de6
14119_0,0df95862-7927-4087-9ea6-25c0eb27cdb7
12620_1,7bf75709-962e-4192-a6ea-2fc0bc22e7e7
13529_0,f6e51dd7-02d0-47de-8906-85311e6b887c
12589_0,fe710a5e-5bce-48a4-bc2d-60bc79de9556
12580_0,a42c3324-ca9d-49f2-beb8-6ef715b2d120
12760_1,b00c278d-396c-4a5b-9251-170dc03e2dff
12194_0,0a043600-2f0f-4643-960f-85c91c7e6ab7
12286_1,55c72e3e-f919-4ae5-8b99-96b06312c436
13681_0,c72f8ae6-fc2a-400f-b0e1-03938bf85d4e
12703_0,738ba836-fd5e-4d29-b19f-1e97865a29f1
13056_5,7bf75709-962e-4192-a6ea-2fc0bc22e7e7
12138_0,bd8ce4b3-2bd7-46f8-9421-cd517e1f8741
12957_0,386003b0-c257-460a-a925-ae08c4b6099f
12697_2,435a378f-fbf9-4e30-8eea-49001d3dceae
12653_2,7bc05496-f760-400d-95a0-5cb56cd79155
13905_0,dcc16686-851a-4842-bad4-8fa63cdd70c9
13200_0,11e5cf3d-84b3-4dcf-8802-cf5bea7fce10
12603_0,36b08647-fa61-437b-a4fa-d2b992d273dd
12630_0,90680c03-b7c7-42f4-951d-8cb6ba81053e
13162_0,63a21c59-c536-4365-b214-9f0dbad3ffa9
12926_0,605abe8e-89d4-4234-b6e0-13f134f3654b
12812_0,888b1669-331b-4562-b6ea-7548f794cd6f
13301_0,8669ca81-3cfd-479f-87f6-76cff499c3bf
12762_0,0ca7c0df-663c-42b3-a867-40e545cf3d2b
12767_1,3934cccb-0e8a-419a-885e-83b1d2cf8e20
13742_0,a333b6a5-af5e-4468-80cd-4169282aa1de
13042_0,f856fca1-b377-4410-a45a-c31203192442
13387_0,20c6aeb5-9197-4c07-b460-dd3b5cb31587
12880_1,9930aecc-219c-4d1e-8f5b-bcf13ce9dd5d
13199_1,5a417332-772c-4ea3-aeaa-37f31bdad8c7
13343_0,694c52ed-6152-438f-a263-e1500c0fabb9
13299_0,bb54c6d8-0d59-4441-bfb7-8dcfa6963070
12953_0,44f9d2bc-be3a-4ba8-bde9-6366c37d6c57
12487_0,52ab20bd-4edf-473c-9418-99243ba8d6bd
12505_0,9daa52b4-7dd5-4684-86e1-bff07aafaabb
13134_0,007e5929-0f6f-45e5-b2db-ed2db3363661
12829_0,e4b2adc0-73e8-48c7-9b9b-248c05a6ef63
12861_i,7ce02519-5a94-432d-8912-9edd8493a70c
12881_0,ccae6079-0b4a-45f5-bb77-e2522cfd51fc
13630_0,191be4b0-a99b-47ff-afd7-0e87df3f3b3c
13550_0,8669ca81-3cfd-479f-87f6-76cff499c3bf
14003_1,21ff883c-6707-43b8-8943-5f9a214f5b00
13280_0,ce087693-549f-4128-8da0-554243e08781
12897_i,18e337b7-d725-4214-b997-f32c6a4ddaaa
12901_i,3ad7f860-d452-4679-b74b-577130f48f23
13230_0,0e5ace95-1b31-4f9e-aed9-e85d3f8a5cf2
12913_0,72c29d2c-2d05-4cf4-8eed-c3666290bb38
12940_0,636c4f35-7f11-4e0d-b5e8-866be4912e81
11905_0,f9b8c288-4f1a-4342-a92d-d7f9abc61206
13098_0,d2769dae-fe90-4e86-b9e1-9c6a85b86efe
13735_0,9f27ab6b-4134-4258-bd14-a9f56f78a6c9
12929_1,96ed8569-8b88-4788-854c-49688bb249b5
13881_0,16f6889b-1dbe-401f-8e37-995ec0c404d5
12975_0,813fe3f0-b2b0-4510-99e0-a6629aeb2f0e
13344_0,6f9cc5b6-564b-4f78-8fe5-732bcec61c7f
13747_0,7d966caf-e103-4f91-ba91-e0ea93c9ec68
13638_0,12f60aa9-3c4b-498b-abc1-c1d890812fed
13349_0,677ee715-41ed-4dca-bca2-1baa634ed0f3
13859_0,6f78deb0-ad7f-40f7-802c-5c021b6d487a
13334_0,0c0ebb75-6b3f-4291-b5a3-a4d1180ab81d
13675_0,cd19af57-f95f-494b-a901-a784c904f60f
13314_0,6c347120-f180-471b-bf3f-1a64fa95b876
12781_0,75e85bf6-091e-4813-82e8-aa5f16d4cbe5
14306_0,2982fc5e-7aa5-4108-be6d-d9e3afbc5c87
11816_1,65b41a6e-ff73-4d57-9138-f0820b425f22
12820_0,758978f6-e739-4dd7-9b6e-7ddf053f7d20
13238_0,6bd2eca3-84cd-4dcc-81f8-13d044195b32
13367_0,cf50190f-1efe-4476-8063-6e61e9925701
13229_3,faccd327-43b1-4c95-9a99-020b687b9e96
13867_0,26d8bed7-f546-4275-bf38-6fd55bc061ea
13263_0,5dd38359-6994-49b6-8807-7c736b34d113
13256_0,6a26b4e4-111b-41a3-b42b-a9f55f8f6725
13207_0,59f63d9f-9ece-46ce-8e65-47a2eba3a367
13504_0,0cb94927-482d-4546-ac0d-5944be7f214f
13391_0,b9403d82-df54-48bc-a2d4-a6ddaaffbdaf
14023_0,0af25391-f6ec-4b76-8020-4d0a9ce2772c
13499_0,a26843f4-e450-44ae-9ddf-94fc65acd521
12677_1,3b77c1af-cf1f-4ccf-adab-9417f0cee7b8
13890_0,8669ca81-3cfd-479f-87f6-76cff499c3bf
13827_0,e049bfab-b495-4fcc-91aa-8779864acb4e
14148_0,1ad089d4-3698-4aab-a23f-8211535ac878
13453_0,6c347120-f180-471b-bf3f-1a64fa95b876
14587_0,940bee7d-6a5d-45d4-a068-f889c8685d40
13392_0,b579ee4a-5168-45ed-8940-a12505a9bd10
13686_0,951479bc-0dd2-4fcf-8707-5980949d0d2b
12753_0,cbc9bedf-570e-4bbd-b0b4-84738c4e0f99
13077_0,73905fd3-dbb1-44ec-8275-3f6c0d283b62
13872_1,29b4ae2b-96b9-4a8f-9f15-1720973a1a47
13658_0,aa125b51-fae5-4276-b94b-b62c847b20cd
14042_0,68ccd7e5-319d-47c6-a572-6a8d95dbb8b1
14441_1,0e26cf1d-9724-4627-a8d1-798df9f91c1a
13375_1,6e336077-1d23-4442-95c7-e6b123550b4c
14061_0,99a2ff2d-3ed0-4b2a-b4c5-604770e54e19
14585_0,e8a47327-80cd-4b6f-a148-2bd04fedb673
13593_0,0337d5bf-b64d-4532-938f-136a383a1647
14119_1,0df95862-7927-4087-9ea6-25c0eb27cdb7
13689_0,81b52d52-edaa-4373-b20c-7f81125d1d50
13652_0,aae0eb31-8be8-4ff0-a8f5-4db107b1f010
13606_0,b44604fb-b2c2-4784-84be-7aa1f01c333e
13666_0,b3c9edaf-a707-43c7-93dd-14745c06f498
14227_0,d08763ba-440b-4332-ab4c-d68469c3c872
13687_0,b7849068-d7fe-49a5-8c2f-69a229f11ca0
13681_1,271b99a4-0fe8-4fed-adde-447251ea6fa6
14133_0,0be93afa-9ce8-4295-bdad-e763fc6c1c70
13604_0,1aeef5f9-2af8-4227-83ba-f5c6b79214cf
13700_0,c3058460-2896-4e12-bdb8-5415deb4769f
13905_1,dcc16686-851a-4842-bad4-8fa63cdd70c9
13730_i,074d5e99-bba8-47d8-a591-5e070ef0c264
14084_0,acb7f044-2e30-44ff-9687-b2c71b516138
14640_0,8669ca81-3cfd-479f-87f6-76cff499c3bf
14106_0,63a21c59-c536-4365-b214-9f0dbad3ffa9
13796_0,af433243-4a62-4b0c-acc1-8c42bca87882
13816_0,08fd27d5-628d-4c9c-ac06-e2b701f8fe41
13719_0,80d3f30b-59ff-41a3-89d9-4d821c092243
13809_0,0ca7c0df-663c-42b3-a867-40e545cf3d2b
13847_0,6f103dd5-2596-4f45-9cbf-a12b77fb704c
14011_0,f1522351-b96f-47cc-a4c0-d92823ede6d3
14145_0,b6a4afd1-1df7-4635-8f22-e691b81968d6
13728_0,719a7821-7d96-4cce-aa65-d6ce760c2172
13833_0,694c52ed-6152-438f-a263-e1500c0fabb9
13830_0,a7b5364a-1d3d-4ac5-b39f-6946881557b9
13629_0,397c7311-cb0d-4621-94c2-1dd7870f17de
14006_0,940bee7d-6a5d-45d4-a068-f889c8685d40
14017_0,18c4a218-aa62-4887-bde7-4f63f0c723da
14003_2,21ff883c-6707-43b8-8943-5f9a214f5b00
14240_0,ddd352d0-4921-429f-983e-51f9c58d1f4e
13768_0,55a32eeb-23b2-48fa-8b42-37a65f0b481d
14075_0,0e5ace95-1b31-4f9e-aed9-e85d3f8a5cf2
13585_0,72c29d2c-2d05-4cf4-8eed-c3666290bb38
14348_0,af3d97e8-0a27-4d80-a582-32bc25137795
13993_0,d2769dae-fe90-4e86-b9e1-9c6a85b86efe
14497_0,9f27ab6b-4134-4258-bd14-a9f56f78a6c9
14105_i,60a5136f-6a59-470c-96d7-4263a529ca9e
13638_1,12f60aa9-3c4b-498b-abc1-c1d890812fed
14578_0,513a7f43-3a80-4198-a144-1c9c9b85f5c8
14359_0,6f78deb0-ad7f-40f7-802c-5c021b6d487a
14850_0,2051d314-7c8a-4940-8946-38c7222c2e08
13870_0,cd19af57-f95f-494b-a901-a784c904f60f
14521_0,6c347120-f180-471b-bf3f-1a64fa95b876
14306_1,2982fc5e-7aa5-4108-be6d-d9e3afbc5c87
14271_0,6a26b4e4-111b-41a3-b42b-a9f55f8f6725
14438_i,95467db7-97d4-42bc-bc87-4d8996f53bbc
14608_0,ce467b22-e850-43a9-abb1-7c847050576a
14023_1,83f46818-1f96-4a26-9a22-f19cbfc4cdd9
14321_0,a26843f4-e450-44ae-9ddf-94fc65acd521
13890_1,8669ca81-3cfd-479f-87f6-76cff499c3bf
14593_0,940bee7d-6a5d-45d4-a068-f889c8685d40
14518_0,b579ee4a-5168-45ed-8940-a12505a9bd10
14613_0,875023c1-c79f-44a4-a66b-40c199599ec6
