6280_i,aec6dfbc-10a0-4781-90b3-ba1025c4018e
6289_i,4ef35ca5-bf2d-4bbd-871d-def468b6d4dd
6294_i,a2216a9b-e2c0-4493-9a31-43f8af2eb92e
6295_i,4beefb1f-4611-4851-9f02-a7500676dc72
6299_i,3ea57337-cd65-4228-95f0-9472dbe1ab4a
6301_i,d7ba5d4d-6b63-4a29-98f5-572f99c46882
6305_i,01769f30-0008-4964-8e1d-9d07e76e4f54
6307_i,1dee38b0-ec7d-4b4c-8ec9-336f01801264
6316_i,e86ece15-42b4-4744-84c9-334aa83378f7
6332_i,a7c3a7dd-4653-47c1-a69f-a27517a3d842
6337_i,0a992c34-3a74-4599-a53c-deb0f9ef47e5
6344_i,e3ab8cea-be9b-4453-b1d2-a96dc3a0669f
6375_i,d629c33a-0d85-41e6-afbe-9c7af81e50db
6379_i,af0a83c5-3717-4802-b107-406ed2f7e8cb
6378_i,204e38c7-f228-4a19-bd7b-11c668d42882
6388_i,ec6e9366-49e1-4957-9dd1-0df7b7a9acc9
6398_i,44c6f433-8250-482d-b834-44b8d8ef0f89
6409_i,29ecb79d-d3c6-4f97-b64e-7de52b4907e1
6410_i,1d8a3e78-326a-4176-a754-47e684a8ae1b
6411_i,9aa00fd6-4c2d-42d4-bce3-6a5212b4da46
6414_i,1a9abc05-15e4-49d9-8afc-5a802f3b8a5c
6417_i,46285bae-45c9-48ae-912b-932b32ab53b2
6416_i,3f2e2461-5a5b-4078-91c3-66c82b2f327f
6421_i,a1ef09ec-52ec-4e08-97db-6c2adf61b521
6418_i,579f969e-a537-405c-b8c9-05933dc33056
6434_i,503193c6-72ae-425d-983d-7c16dfe0ac0a
6435_i,1f141b8f-ea18-44d2-85d7-9aee303d8145
6431_i,029abb54-de78-4ff8-b08a-6562a1cd10b6
6456_i,e7d5123c-e6a2-4057-96ed-f7c54bb00319
6459_i,3a4e0196-09fe-4741-a05d-35fcfa95e644
6466_i,4b2bbd11-c41e-4945-b214-735ee770881a
6464_i,53ef2a32-300e-4043-8d2b-a6d3cc85cc00
6481_i,ffe0ac7d-afb0-49be-acdc-2b00b0419c24
6499_i,74a8e0b7-eec1-4fa6-9528-5155918b3e11
6500_i,24d94d49-81ae-49e5-8f9a-0e52fd0e63cf
6503_i,f898532d-5928-4db3-9479-c4ffe4c3e71b
6522_i,2f368fd6-e90d-4d9e-ba46-ae2a6e0a2b53
6531_i,0ba2d55b-5c3e-49a0-b75f-4165373cf5de
6538_i,18981380-708a-4a86-b771-8d3254786415
6548_i,4f470bf3-11f5-49c0-8f06-b26d60665c65
6552_i,04e9d02b-0197-4f71-a8cb-d7c5c379f052
6557_i,70f93068-8fd5-4884-b6f3-36652346cb83
6573_i,9ee13c24-de59-4f34-939e-ac797b09953a
6580_i,e8b37ee2-846b-4a4e-908b-0ec72f0d9cb6
6614_i,271a0a88-c36d-49d1-8028-f68e3bfdce2b
6639_i,46df6745-5bf1-401f-9d3b-986076700f81
6645_i,cd0e4dce-5f88-4bab-bda6-d7ea91657bc2
6659_i,f78fd028-da17-455b-87ae-dce1fa8e789d
6660_i,83be3b9e-af19-426f-8ca4-56744e1840e1
6662_i,9d4d29c8-070d-4ef2-9d0f-3982de1ca6a5
6712_i,bbc4af06-5a3f-4ce4-aa82-ef492551bbe5
6736_i,139e685f-b2df-4704-aad5-77f3be7c2d30
6759_i,4f2733f7-4d9e-40de-a658-0245e65f315e
6762_i,0dca8be0-0b2d-4ff6-b527-99df526d07bd
6769_i,bb530d74-cfba-4f18-ad24-a7d8a1e32b0f
6784_i,e4dbae70-4344-4482-a621-65e05826cb43
6791_i,024d23e1-d494-456f-ae52-97096c7559a2
6807_i,e3d07cfa-7816-4c58-9bf3-000fd127741a
6814_i,acc435d3-58c6-43de-aa08-855d0956cd9e
6819_i,60e1d7d5-8782-4859-9c5b-6f5b9498e119
6821_i,99b9094b-d13a-4459-a018-6b1afe1f9252
6834_i,5a4a2e38-3946-478f-aed1-dc76170fa261
6839_i,f66c8ac5-7ba4-4db4-87c0-cd93a1210b8f
6856_i,77f2abc0-8831-4a3f-9a12-83bf39c586b5
6871_i,647d3c49-3fcf-4a82-bc75-a384bcbaf98b
6869_i,1dee38b0-ec7d-4b4c-8ec9-336f01801264
6885_i,980261d9-8532-4f2b-911a-06c59269dc43
6887_i,c460007d-91b9-4e6b-92a3-3d0e5b421b54
6904_i,b4cb50e3-1592-4505-b1b4-19703d4bb957
6906_i,ac6b11f4-8252-4b87-874a-9fa7f8e348c4
6933_i,871aa759-f518-4ef7-aa77-9eb6b4348f1b
6942_i,4dd3004e-e432-484e-b018-bfb75c6f5c3a
6941_i,cf414513-06c3-4e2d-b8ee-024f046f8559
6948_i,e417ce53-4451-437e-a85e-1ed7637e76b3
6979_i,4ffcb74e-2cec-40f8-88ea-689c6187f670
6981_i,3b251b33-fa5b-4352-a7e6-302b8a0d931f
6988_i,9b72fe73-c409-473a-a906-0afd40cf81be
6991_i,52f52c3e-ae5f-47b9-8eac-b94a40319875
7017_i,b113724c-2cbf-474e-b3c2-b460d9158f5b
7023_i,3959ea1f-c6f6-4acf-823d-e79764014ff3
7027_i,871aa759-f518-4ef7-aa77-9eb6b4348f1b
7035_i,1195a86d-731e-4e4a-84dd-d10055631919
7059_i,423e0d5c-8ec3-4530-a498-0eeaf7e90109
7073_i,55e2371d-a697-4636-8112-494627856db3
7080_i,ad8d9913-8b33-491a-ac77-692c0fee612c
7137_i,78a81d06-1d59-43a7-8770-eb9b76eea76c
7141_i,aec6dfbc-10a0-4781-90b3-ba1025c4018e
7944_0,aec6dfbc-10a0-4781-90b3-ba1025c4018e
7152_i,3fb53ef2-9212-48d8-ab79-a89499830a5e
7157_i,4e102159-1c54-4625-91b0-f3849dd584a2
7223_0,4ef35ca5-bf2d-4bbd-871d-def468b6d4dd
7165_i,0fb0e06a-7fd6-47ab-a011-fa532662b157
8449_0,a2216a9b-e2c0-4493-9a31-43f8af2eb92e
7477_0,4beefb1f-4611-4851-9f02-a7500676dc72
7208_0,3ea57337-cd65-4228-95f0-9472dbe1ab4a
7175_i,6b3e7b51-73b9-4a0d-b53f-4524d2315c1f
8027_0,d7ba5d4d-6b63-4a29-98f5-572f99c46882
7537_0,01769f30-0008-4964-8e1d-9d07e76e4f54
8129_0,1dee38b0-ec7d-4b4c-8ec9-336f01801264
7185_i,0681e1e9-73a1-4309-8e9b-de0cdae44a61
7188_i,d288222d-1123-450c-97b2-2a6840a4fce3
6897_0,0862581b-324c-471b-bca4-0e8c019a0c45
7193_i,1afc6e12-beb2-4ca6-8d9f-c46796319441
7399_0,a7c3a7dd-4653-47c1-a69f-a27517a3d842
7156_0,6332db25-a62f-4688-8352-6315e7c38e6f
7568_0,d629c33a-0d85-41e6-afbe-9c7af81e50db
7278_0,69e5a9cb-00ee-44d5-b25b-bc9eaa5a2a2e
7254_i,c77059c7-e1b2-4670-b9c8-e4b772532126
8657_0,ec6e9366-49e1-4957-9dd1-0df7b7a9acc9
7261_i,c2ac1e34-f0c8-49bb-9a79-ad740762238c
7961_0,44c6f433-8250-482d-b834-44b8d8ef0f89
7610_0,29ecb79d-d3c6-4f97-b64e-7de52b4907e1
7176_0,53ef2a32-300e-4043-8d2b-a6d3cc85cc00
7273_i,2b3f01dd-9740-4364-a412-c701a1b86be9
7464_0,46285bae-45c9-48ae-912b-932b32ab53b2
7511_0,3f2e2461-5a5b-4078-91c3-66c82b2f327f
7104_0,a1ef09ec-52ec-4e08-97db-6c2adf61b521
13056_0,7cbfec1a-e690-41d9-832f-c7bb9cc02bcd
6610_0,503193c6-72ae-425d-983d-7c16dfe0ac0a
8065_0,1f141b8f-ea18-44d2-85d7-9aee303d8145
8174_0,029abb54-de78-4ff8-b08a-6562a1cd10b6
7370_0,e7d5123c-e6a2-4057-96ed-f7c54bb00319
7319_i,2275e28a-bddb-475f-9fed-0dbfabbcd4a5
7342_0,3a4e0196-09fe-4741-a05d-35fcfa95e644
9644_0,bcea1e94-e16a-4af2-b753-4e2f67ff1fd5
7269_0,53ef2a32-300e-4043-8d2b-a6d3cc85cc00
8244_0,28c32146-d29b-4857-a025-9046957ec0de
7338_i,b71873cc-1ea6-485c-893b-831e04a3484b
7373_0,24d94d49-81ae-49e5-8f9a-0e52fd0e63cf
7555_0,57cc4d19-4a6a-4366-bed1-5942403b4336
7355_0,2f368fd6-e90d-4d9e-ba46-ae2a6e0a2b53
7499_0,0ba2d55b-5c3e-49a0-b75f-4165373cf5de
7377_i,32268a16-6488-4648-8abe-dbc313dbb07b
6934_0,18981380-708a-4a86-b771-8d3254786415
7381_i,d113edee-bcc0-46fb-9039-30e7418c364a
7103_0,4f470bf3-11f5-49c0-8f06-b26d60665c65
8948_0,70f93068-8fd5-4884-b6f3-36652346cb83
7469_0,9ee13c24-de59-4f34-939e-ac797b09953a
8436_0,7b704f54-617c-4170-8df0-62c674253446
7402_i,73635784-f157-41b8-a558-3dd5f605666a
7412_i,a6e909c0-b0f2-4ee6-9537-bd10c10fb808
8385_0,271a0a88-c36d-49d1-8028-f68e3bfdce2b
7441_i,b110e03c-aa26-486e-841c-21ae34a90840
7380_0,46df6745-5bf1-401f-9d3b-986076700f81
7570_0,cd0e4dce-5f88-4bab-bda6-d7ea91657bc2
7460_i,9904e35f-16c0-468b-8127-aeb9ce6094c1
7452_0,f78fd028-da17-455b-87ae-dce1fa8e789d
7473_i,8be22e0b-820f-48ee-8e30-bad30a3c0adf
7178_0,83be3b9e-af19-426f-8ca4-56744e1840e1
8159_0,9d4d29c8-070d-4ef2-9d0f-3982de1ca6a5
7502_i,f940f756-b608-497e-ba24-faca3ddc9b31
7516_i,ced56a94-ff4b-4385-9e99-a61c02e6ffb4
7515_i,3e358a79-6e9c-4120-ad13-6e881db38086
7368_0,bbc4af06-5a3f-4ce4-aa82-ef492551bbe5
8897_0,139e685f-b2df-4704-aad5-77f3be7c2d30
7563_i,836e0785-888a-41f0-9f16-b58e289f2285
7572_i,a1bb4cc0-a95e-4b75-9a4f-a9ecc2510fd8
7772_0,4f2733f7-4d9e-40de-a658-0245e65f315e
7583_0,0dca8be0-0b2d-4ff6-b527-99df526d07bd
7540_0,bb530d74-cfba-4f18-ad24-a7d8a1e32b0f
7593_i,ea836953-86be-4357-8122-c33d0c24442e
11134_0,e4dbae70-4344-4482-a621-65e05826cb43
7599_i,e5c63656-8d4c-4535-a477-3d9c98442f97
7438_0,024d23e1-d494-456f-ae52-97096c7559a2
7612_i,046fdb1e-29cb-40f0-9589-c00eb40c9bea
7866_0,e3d07cfa-7816-4c58-9bf3-000fd127741a
8832_0,acc435d3-58c6-43de-aa08-855d0956cd9e
7954_0,60e1d7d5-8782-4859-9c5b-6f5b9498e119
6821_0,99b9094b-d13a-4459-a018-6b1afe1f9252
7630_i,ecbe1cb8-960b-4754-a151-d8c74b552678
7755_0,5a4a2e38-3946-478f-aed1-dc76170fa261
7329_0,f66c8ac5-7ba4-4db4-87c0-cd93a1210b8f
8658_0,0e42a31e-c76c-424c-bba2-ff1f43dcc5ed
7698_0,647d3c49-3fcf-4a82-bc75-a384bcbaf98b
7560_0,1dee38b0-ec7d-4b4c-8ec9-336f01801264
9103_0,980261d9-8532-4f2b-911a-06c59269dc43
7603_0,f817fe86-828e-4be6-84b9-22de513c3746
7625_0,b4cb50e3-1592-4505-b1b4-19703d4bb957
8789_0,ac6b11f4-8252-4b87-874a-9fa7f8e348c4
7724_i,6e769265-a4d7-4029-b7e1-a1893788c597
9207_0,871aa759-f518-4ef7-aa77-9eb6b4348f1b
6942_0,4dd3004e-e432-484e-b018-bfb75c6f5c3a
9081_0,cf414513-06c3-4e2d-b8ee-024f046f8559
7731_i,907a3a67-9237-42a5-949c-0206e23b6569
6948_0,e417ce53-4451-437e-a85e-1ed7637e76b3
8740_0,4ffcb74e-2cec-40f8-88ea-689c6187f670
7787_0,3b251b33-fa5b-4352-a7e6-302b8a0d931f
8224_0,9b72fe73-c409-473a-a906-0afd40cf81be
8245_0,52f52c3e-ae5f-47b9-8eac-b94a40319875
7768_i,a82c3e07-4023-4809-a345-cea5640e0c99
7769_i,0758a57e-3232-4070-9e96-4dc1c9344835
7282_0,b113724c-2cbf-474e-b3c2-b460d9158f5b
7783_i,e79053a7-74e3-407d-b930-ccd9d87fa622
9197_0,2abcfd19-ca81-4ca0-840b-3288af1e1523
8804_0,79bcb561-1e37-4fc8-ac77-bc479cae4195
8270_0,1195a86d-731e-4e4a-84dd-d10055631919
7785_0,423e0d5c-8ec3-4530-a498-0eeaf7e90109
7756_0,55e2371d-a697-4636-8112-494627856db3
8243_0,ad8d9913-8b33-491a-ac77-692c0fee612c
7838_i,e9f8b3fd-c288-4480-a2dc-621eb06af378
7853_i,58f8e6b7-520a-4201-8b6d-6ce6f536c5fe
8023_0,aec6dfbc-10a0-4781-90b3-ba1025c4018e
7944_1,aec6dfbc-10a0-4781-90b3-ba1025c4018e
7898_i,836e0785-888a-41f0-9f16-b58e289f2285
7152_0,3fb53ef2-9212-48d8-ab79-a89499830a5e
7948_0,4ef35ca5-bf2d-4bbd-871d-def468b6d4dd
7740_0,0fb0e06a-7fd6-47ab-a011-fa532662b157
8449_1,a2216a9b-e2c0-4493-9a31-43f8af2eb92e
7960_0,4beefb1f-4611-4851-9f02-a7500676dc72
8097_0,3ea57337-cd65-4228-95f0-9472dbe1ab4a
7690_0,6b3e7b51-73b9-4a0d-b53f-4524d2315c1f
8027_1,d7ba5d4d-6b63-4a29-98f5-572f99c46882
7915_i,1dee38b0-ec7d-4b4c-8ec9-336f01801264
11178_0,526b4a6e-c0f8-4ecb-90e5-da5ce1393a5b
8129_1,1dee38b0-ec7d-4b4c-8ec9-336f01801264
8096_0,0681e1e9-73a1-4309-8e9b-de0cdae44a61
7901_0,d288222d-1123-450c-97b2-2a6840a4fce3
8395_0,0862581b-324c-471b-bca4-0e8c019a0c45
8711_0,7cebb5d0-672d-44a4-98c6-fe5ee72914dc
8236_0,5aefa159-e5b6-4ab8-b394-6667267f0dc5
8295_0,6332db25-a62f-4688-8352-6315e7c38e6f
8407_0,d629c33a-0d85-41e6-afbe-9c7af81e50db
7834_0,69e5a9cb-00ee-44d5-b25b-bc9eaa5a2a2e
7459_0,c77059c7-e1b2-4670-b9c8-e4b772532126
8657_1,ec6e9366-49e1-4957-9dd1-0df7b7a9acc9
8144_0,c2ac1e34-f0c8-49bb-9a79-ad740762238c
7961_1,44c6f433-8250-482d-b834-44b8d8ef0f89
7652_0,1d8a3e78-326a-4176-a754-47e684a8ae1b
8303_0,53ef2a32-300e-4043-8d2b-a6d3cc85cc00
8314_0,fd8b8ff2-3fc0-40bd-bfa0-8da5be07b042
9182_0,46285bae-45c9-48ae-912b-932b32ab53b2
8034_0,3f2e2461-5a5b-4078-91c3-66c82b2f327f
8428_0,a1ef09ec-52ec-4e08-97db-6c2adf61b521
13056_1,7cbfec1a-e690-41d9-832f-c7bb9cc02bcd
8012_i,65f0b18f-cdfd-432f-bbab-4d2c521e363f
10005_0,503193c6-72ae-425d-983d-7c16dfe0ac0a
8065_1,1f141b8f-ea18-44d2-85d7-9aee303d8145
8174_1,029abb54-de78-4ff8-b08a-6562a1cd10b6
8067_0,2275e28a-bddb-475f-9fed-0dbfabbcd4a5
8148_0,3a4e0196-09fe-4741-a05d-35fcfa95e644
9644_1,bcea1e94-e16a-4af2-b753-4e2f67ff1fd5
8229_0,53ef2a32-300e-4043-8d2b-a6d3cc85cc00
8056_i,9dcebafa-018e-44a8-b3ef-7c318c9e781b
8073_i,7cd5767f-33fc-48dd-ba2f-3f1223e725d7
8244_1,28c32146-d29b-4857-a025-9046957ec0de
7874_0,b71873cc-1ea6-485c-893b-831e04a3484b
8089_i,3733d271-8923-486a-a31d-9785739aedff
8101_i,1c6afdda-5cb3-462e-ac4d-2116f6f4af72
8275_0,57cc4d19-4a6a-4366-bed1-5942403b4336
8151_0,2f368fd6-e90d-4d9e-ba46-ae2a6e0a2b53
8251_0,0ba2d55b-5c3e-49a0-b75f-4165373cf5de
8130_i,cb0ffaa0-adba-44e9-af82-fae6a9e57528
8025_0,32268a16-6488-4648-8abe-dbc313dbb07b
8069_0,18981380-708a-4a86-b771-8d3254786415
8135_i,20cf7b5c-1df0-4794-b697-cf53a0451fcf
8516_0,d113edee-bcc0-46fb-9039-30e7418c364a
7103_1,4f470bf3-11f5-49c0-8f06-b26d60665c65
8948_1,70f93068-8fd5-4884-b6f3-36652346cb83
8173_0,9ee13c24-de59-4f34-939e-ac797b09953a
8436_1,7b704f54-617c-4170-8df0-62c674253446
8169_i,a0cca46a-bb5e-4a6a-ba52-50a6342099cd
8622_0,73635784-f157-41b8-a558-3dd5f605666a
7822_0,a6e909c0-b0f2-4ee6-9537-bd10c10fb808
8385_1,271a0a88-c36d-49d1-8028-f68e3bfdce2b
8192_i,d6d22caa-9a1f-4769-b15e-c0001b27bb77
9098_0,b110e03c-aa26-486e-841c-21ae34a90840
8211_i,365712b8-6e37-4a12-af6e-5a96b428b26e
8703_0,46df6745-5bf1-401f-9d3b-986076700f81
8255_0,cd0e4dce-5f88-4bab-bda6-d7ea91657bc2
8179_0,9904e35f-16c0-468b-8127-aeb9ce6094c1
8225_0,f78fd028-da17-455b-87ae-dce1fa8e789d
7873_0,8be22e0b-820f-48ee-8e30-bad30a3c0adf
9748_0,9d4d29c8-070d-4ef2-9d0f-3982de1ca6a5
8664_0,8eba0780-2b31-41f7-83d2-1f68e167afb7
8525_0,03aed8cb-f247-44f9-9c4d-aa21857284e9
8321_0,3e358a79-6e9c-4120-ad13-6e881db38086
8337_0,bbc4af06-5a3f-4ce4-aa82-ef492551bbe5
8897_1,139e685f-b2df-4704-aad5-77f3be7c2d30
8458_0,031b12a4-eccc-416d-908d-74a9c12cbccd
8422_0,4f2733f7-4d9e-40de-a658-0245e65f315e
8322_0,0dca8be0-0b2d-4ff6-b527-99df526d07bd
8205_0,bb530d74-cfba-4f18-ad24-a7d8a1e32b0f
8042_0,ea836953-86be-4357-8122-c33d0c24442e
11134_1,e4dbae70-4344-4482-a621-65e05826cb43
8410_0,29e9e3d5-06d4-4fce-8a58-143242c7c127
8553_0,024d23e1-d494-456f-ae52-97096c7559a2
13091_0,18d51392-ed69-4ecb-b7a1-92c583f2c93a
8356_0,e3d07cfa-7816-4c58-9bf3-000fd127741a
8832_1,acc435d3-58c6-43de-aa08-855d0956cd9e
8185_0,60e1d7d5-8782-4859-9c5b-6f5b9498e119
9724_0,20194250-9a62-47df-ace4-8971d057a6ae
8927_0,6156f7c5-b109-4463-bf84-fc28cce9e7f0
7755_1,5a4a2e38-3946-478f-aed1-dc76170fa261
8667_0,cde9ab10-827b-42d3-adbb-9d5fd733248c
8658_1,0e42a31e-c76c-424c-bba2-ff1f43dcc5ed
8247_0,3090ec87-d4fc-47e9-8425-2bd9dacd5260
9103_1,980261d9-8532-4f2b-911a-06c59269dc43
8710_0,a066b5f6-2b62-4114-9059-6c59f668acec
8317_0,b4cb50e3-1592-4505-b1b4-19703d4bb957
8789_1,ac6b11f4-8252-4b87-874a-9fa7f8e348c4
8328_0,76902f96-5343-4c08-acf5-40e5b234f2a7
9207_1,871aa759-f518-4ef7-aa77-9eb6b4348f1b
9385_0,4dd3004e-e432-484e-b018-bfb75c6f5c3a
9081_1,cf414513-06c3-4e2d-b8ee-024f046f8559
8698_0,907a3a67-9237-42a5-949c-0206e23b6569
9085_0,e417ce53-4451-437e-a85e-1ed7637e76b3
8740_1,4ffcb74e-2cec-40f8-88ea-689c6187f670
7787_1,3b251b33-fa5b-4352-a7e6-302b8a0d931f
8224_1,9b72fe73-c409-473a-a906-0afd40cf81be
8245_1,52f52c3e-ae5f-47b9-8eac-b94a40319875
10752_0,598d314f-026c-4714-8ffa-79482a5ddcf0
8350_0,91b3e639-e753-49ea-9838-53176335d3ae
10401_0,b113724c-2cbf-474e-b3c2-b460d9158f5b
8237_0,e79053a7-74e3-407d-b930-ccd9d87fa622
9197_1,2abcfd19-ca81-4ca0-840b-3288af1e1523
8804_1,79bcb561-1e37-4fc8-ac77-bc479cae4195
8270_1,1195a86d-731e-4e4a-84dd-d10055631919
8313_0,05a77898-951b-4a4c-9619-79b13b5ab5b2
8297_0,55e2371d-a697-4636-8112-494627856db3
8243_1,ad8d9913-8b33-491a-ac77-692c0fee612c
11440_0,e9f8b3fd-c288-4480-a2dc-621eb06af378
7853_0,58f8e6b7-520a-4201-8b6d-6ce6f536c5fe
8558_0,aec6dfbc-10a0-4781-90b3-ba1025c4018e
9400_0,fda6c5aa-5ebe-4f56-be9c-51863523538c
8384_0,836e0785-888a-41f0-9f16-b58e289f2285
7152_1,3fb53ef2-9212-48d8-ab79-a89499830a5e
8645_0,0fb0e06a-7fd6-47ab-a011-fa532662b157
8449_2,a2216a9b-e2c0-4493-9a31-43f8af2eb92e
8414_0,82e79852-0795-4f65-81a4-a97274e51b4a
8097_1,3ea57337-cd65-4228-95f0-9472dbe1ab4a
8643_0,6b3e7b51-73b9-4a0d-b53f-4524d2315c1f
10405_0,d7ba5d4d-6b63-4a29-98f5-572f99c46882
8546_0,1dee38b0-ec7d-4b4c-8ec9-336f01801264
11178_1,526b4a6e-c0f8-4ecb-90e5-da5ce1393a5b
8129_2,1dee38b0-ec7d-4b4c-8ec9-336f01801264
8096_1,0681e1e9-73a1-4309-8e9b-de0cdae44a61
8370_0,d288222d-1123-450c-97b2-2a6840a4fce3
8395_1,0862581b-324c-471b-bca4-0e8c019a0c45
8711_1,7cebb5d0-672d-44a4-98c6-fe5ee72914dc
8236_1,5aefa159-e5b6-4ab8-b394-6667267f0dc5
8295_1,6332db25-a62f-4688-8352-6315e7c38e6f
8407_1,d629c33a-0d85-41e6-afbe-9c7af81e50db
8323_0,69e5a9cb-00ee-44d5-b25b-bc9eaa5a2a2e
8933_0,c77059c7-e1b2-4670-b9c8-e4b772532126
8657_2,ec6e9366-49e1-4957-9dd1-0df7b7a9acc9
8745_0,dbc424ab-a939-4381-8c01-ea4d43c12cc5
8294_i,9a3f5f70-ba15-4540-8e22-0c8ec2d48039
8304_i,99571c42-098b-4fc0-b218-f70b3670a46b
7961_2,44c6f433-8250-482d-b834-44b8d8ef0f89
8433_0,1d8a3e78-326a-4176-a754-47e684a8ae1b
8303_1,53ef2a32-300e-4043-8d2b-a6d3cc85cc00
8314_1,fd8b8ff2-3fc0-40bd-bfa0-8da5be07b042
9182_1,46285bae-45c9-48ae-912b-932b32ab53b2
8440_0,d43634a6-10c9-4953-b9ff-fa75a7db56cf
8428_1,a1ef09ec-52ec-4e08-97db-6c2adf61b521
13056_2,7cbfec1a-e690-41d9-832f-c7bb9cc02bcd
8631_0,c2209904-54d0-4b70-b353-711388041764
10005_1,503193c6-72ae-425d-983d-7c16dfe0ac0a
8346_i,736b6604-e2ff-424a-808d-54bd9f1bf09f
8663_0,bb0b6a19-4873-45a5-b251-be872ae1bd04
8174_2,029abb54-de78-4ff8-b08a-6562a1cd10b6
8368_i,c3b2e9dd-f1d3-4798-85fe-9605f6a54843
8857_0,2275e28a-bddb-475f-9fed-0dbfabbcd4a5
8397_0,3a4e0196-09fe-4741-a05d-35fcfa95e644
8390_i,244a99ec-3cd4-4d7e-95bd-4be3757c16e9
9644_2,bcea1e94-e16a-4af2-b753-4e2f67ff1fd5
8400_i,5f71c0a6-dd13-4ac1-a238-e808f8ee5059
8741_0,53ef2a32-300e-4043-8d2b-a6d3cc85cc00
8345_0,9dcebafa-018e-44a8-b3ef-7c318c9e781b
8905_0,28c32146-d29b-4857-a025-9046957ec0de
8560_0,82c84777-01c8-4fb0-8273-87681a48ba56
8426_i,1b8e356d-d134-4a89-bfb7-1087b9baffe8
8647_0,3733d271-8923-486a-a31d-9785739aedff
8445_i,a653a302-a060-439c-8e3c-9f1621ba5c46
8618_0,7254e4b8-8aa0-4e55-9b11-a624575baae7
8404_0,2f368fd6-e90d-4d9e-ba46-ae2a6e0a2b53
8478_i,09a26821-b982-4e34-ab62-30169a7e5452
8452_0,0ba2d55b-5c3e-49a0-b75f-4165373cf5de
8130_0,cb0ffaa0-adba-44e9-af82-fae6a9e57528
9422_0,32268a16-6488-4648-8abe-dbc313dbb07b
8613_0,18981380-708a-4a86-b771-8d3254786415
9747_0,20cf7b5c-1df0-4794-b697-cf53a0451fcf
8516_1,d113edee-bcc0-46fb-9039-30e7418c364a
8351_0,53788447-64a7-409e-b4f7-2360f44d2d0f
8948_2,70f93068-8fd5-4884-b6f3-36652346cb83
8394_0,9ee13c24-de59-4f34-939e-ac797b09953a
8436_2,7b704f54-617c-4170-8df0-62c674253446
8504_i,251231e1-eb35-4a00-99f0-f288bfddc95c
8584_0,a0cca46a-bb5e-4a6a-ba52-50a6342099cd
8622_1,73635784-f157-41b8-a558-3dd5f605666a
9405_0,a6e909c0-b0f2-4ee6-9537-bd10c10fb808
8385_2,271a0a88-c36d-49d1-8028-f68e3bfdce2b
9026_0,d6d22caa-9a1f-4769-b15e-c0001b27bb77
9098_1,b110e03c-aa26-486e-841c-21ae34a90840
9127_0,365712b8-6e37-4a12-af6e-5a96b428b26e
8703_1,46df6745-5bf1-401f-9d3b-986076700f81
8534_0,cd0e4dce-5f88-4bab-bda6-d7ea91657bc2
8609_0,f78fd028-da17-455b-87ae-dce1fa8e789d
8486_0,8be22e0b-820f-48ee-8e30-bad30a3c0adf
9748_1,9d4d29c8-070d-4ef2-9d0f-3982de1ca6a5
8664_1,8eba0780-2b31-41f7-83d2-1f68e167afb7
8579_i,c7774541-113a-4a1d-a1ca-acbcd997f2f0
8642_0,03aed8cb-f247-44f9-9c4d-aa21857284e9
8802_0,3e358a79-6e9c-4120-ad13-6e881db38086
8594_i,ebb2c845-0078-44fc-97f2-1339af0cf392
8337_1,bbc4af06-5a3f-4ce4-aa82-ef492551bbe5
8897_2,139e685f-b2df-4704-aad5-77f3be7c2d30
8500_0,031b12a4-eccc-416d-908d-74a9c12cbccd
8422_1,4f2733f7-4d9e-40de-a658-0245e65f315e
8719_0,0dca8be0-0b2d-4ff6-b527-99df526d07bd
8587_0,ea836953-86be-4357-8122-c33d0c24442e
11134_2,e4dbae70-4344-4482-a621-65e05826cb43
8410_1,29e9e3d5-06d4-4fce-8a58-143242c7c127
8585_0,3b41c832-9757-4434-9500-b1bb1632ce61
13091_1,18d51392-ed69-4ecb-b7a1-92c583f2c93a
8697_0,c992dd56-82ca-462b-bb97-1d8ab5a547bb
8832_2,acc435d3-58c6-43de-aa08-855d0956cd9e
8185_1,60e1d7d5-8782-4859-9c5b-6f5b9498e119
9724_1,20194250-9a62-47df-ace4-8971d057a6ae
8927_1,6156f7c5-b109-4463-bf84-fc28cce9e7f0
7755_2,5a4a2e38-3946-478f-aed1-dc76170fa261
8667_1,cde9ab10-827b-42d3-adbb-9d5fd733248c
8658_2,0e42a31e-c76c-424c-bba2-ff1f43dcc5ed
8718_0,3090ec87-d4fc-47e9-8425-2bd9dacd5260
9103_2,980261d9-8532-4f2b-911a-06c59269dc43
8710_1,a066b5f6-2b62-4114-9059-6c59f668acec
8620_0,53ad03ed-6913-40d5-ae56-4e40fa9bff6b
8789_2,ac6b11f4-8252-4b87-874a-9fa7f8e348c4
10032_0,76902f96-5343-4c08-acf5-40e5b234f2a7
9207_2,871aa759-f518-4ef7-aa77-9eb6b4348f1b
9385_1,4dd3004e-e432-484e-b018-bfb75c6f5c3a
9081_2,cf414513-06c3-4e2d-b8ee-024f046f8559
8698_1,907a3a67-9237-42a5-949c-0206e23b6569
9085_1,e417ce53-4451-437e-a85e-1ed7637e76b3
8740_2,4ffcb74e-2cec-40f8-88ea-689c6187f670
7787_2,3b251b33-fa5b-4352-a7e6-302b8a0d931f
8224_2,9b72fe73-c409-473a-a906-0afd40cf81be
8245_2,52f52c3e-ae5f-47b9-8eac-b94a40319875
10752_1,598d314f-026c-4714-8ffa-79482a5ddcf0
8967_0,91b3e639-e753-49ea-9838-53176335d3ae
10401_1,b113724c-2cbf-474e-b3c2-b460d9158f5b
8610_0,e79053a7-74e3-407d-b930-ccd9d87fa622
9197_2,2abcfd19-ca81-4ca0-840b-3288af1e1523
8804_2,79bcb561-1e37-4fc8-ac77-bc479cae4195
9136_0,b763c7d3-d7e6-4749-a4e4-8b29882c5890
8297_1,55e2371d-a697-4636-8112-494627856db3
9245_0,ad8d9913-8b33-491a-ac77-692c0fee612c
11440_1,e9f8b3fd-c288-4480-a2dc-621eb06af378
9787_0,58f8e6b7-520a-4201-8b6d-6ce6f536c5fe
8654_0,fda6c5aa-5ebe-4f56-be9c-51863523538c
9400_1,fda6c5aa-5ebe-4f56-be9c-51863523538c
8818_0,836e0785-888a-41f0-9f16-b58e289f2285
7152_2,3fb53ef2-9212-48d8-ab79-a89499830a5e
8645_1,0fb0e06a-7fd6-47ab-a011-fa532662b157
8709_0,8ddc2bc5-7e41-425a-805e-3360829d7aac
9930_0,82e79852-0795-4f65-81a4-a97274e51b4a
8097_2,3ea57337-cd65-4228-95f0-9472dbe1ab4a
8643_1,6b3e7b51-73b9-4a0d-b53f-4524d2315c1f
10405_1,d7ba5d4d-6b63-4a29-98f5-572f99c46882
8766_0,1dee38b0-ec7d-4b4c-8ec9-336f01801264
11178_2,526b4a6e-c0f8-4ecb-90e5-da5ce1393a5b
8129_3,1dee38b0-ec7d-4b4c-8ec9-336f01801264
8738_0,a530a532-48c0-4b6d-af51-18f199da1e7f
8869_0,d288222d-1123-450c-97b2-2a6840a4fce3
8395_2,0862581b-324c-471b-bca4-0e8c019a0c45
8711_2,7cebb5d0-672d-44a4-98c6-fe5ee72914dc
8431_0,a7c3a7dd-4653-47c1-a69f-a27517a3d842
8694_0,6332db25-a62f-4688-8352-6315e7c38e6f
8604_0,d629c33a-0d85-41e6-afbe-9c7af81e50db
8323_1,69e5a9cb-00ee-44d5-b25b-bc9eaa5a2a2e
8933_1,c77059c7-e1b2-4670-b9c8-e4b772532126
8657_3,ec6e9366-49e1-4957-9dd1-0df7b7a9acc9
8745_1,dbc424ab-a939-4381-8c01-ea4d43c12cc5
8625_0,9a3f5f70-ba15-4540-8e22-0c8ec2d48039
8304_0,99571c42-098b-4fc0-b218-f70b3670a46b
7961_3,44c6f433-8250-482d-b834-44b8d8ef0f89
8765_0,29ecb79d-d3c6-4f97-b64e-7de52b4907e1
8406_0,9aa00fd6-4c2d-42d4-bce3-6a5212b4da46
8314_2,fd8b8ff2-3fc0-40bd-bfa0-8da5be07b042
9182_2,46285bae-45c9-48ae-912b-932b32ab53b2
8498_0,3f2e2461-5a5b-4078-91c3-66c82b2f327f
8428_2,a1ef09ec-52ec-4e08-97db-6c2adf61b521
13056_3,7cbfec1a-e690-41d9-832f-c7bb9cc02bcd
8631_1,c2209904-54d0-4b70-b353-711388041764
10005_2,503193c6-72ae-425d-983d-7c16dfe0ac0a
8946_0,736b6604-e2ff-424a-808d-54bd9f1bf09f
8663_1,bb0b6a19-4873-45a5-b251-be872ae1bd04
8416_0,029abb54-de78-4ff8-b08a-6562a1cd10b6
8368_0,c3b2e9dd-f1d3-4798-85fe-9605f6a54843
8857_1,2275e28a-bddb-475f-9fed-0dbfabbcd4a5
8397_1,3a4e0196-09fe-4741-a05d-35fcfa95e644
9086_0,244a99ec-3cd4-4d7e-95bd-4be3757c16e9
9644_3,bcea1e94-e16a-4af2-b753-4e2f67ff1fd5
8686_0,3fcaaa5d-e234-4a56-8a4f-445b6c8850e9
8741_1,53ef2a32-300e-4043-8d2b-a6d3cc85cc00
8345_1,9dcebafa-018e-44a8-b3ef-7c318c9e781b
8905_1,28c32146-d29b-4857-a025-9046957ec0de
8560_1,82c84777-01c8-4fb0-8273-87681a48ba56
8426_0,1b8e356d-d134-4a89-bfb7-1087b9baffe8
8647_1,3733d271-8923-486a-a31d-9785739aedff
8445_0,a653a302-a060-439c-8e3c-9f1621ba5c46
8618_1,7254e4b8-8aa0-4e55-9b11-a624575baae7
8599_0,2f368fd6-e90d-4d9e-ba46-ae2a6e0a2b53
8478_0,09a26821-b982-4e34-ab62-30169a7e5452
8879_0,0ba2d55b-5c3e-49a0-b75f-4165373cf5de
10029_0,cb0ffaa0-adba-44e9-af82-fae6a9e57528
9422_1,32268a16-6488-4648-8abe-dbc313dbb07b
8613_1,18981380-708a-4a86-b771-8d3254786415
9747_1,20cf7b5c-1df0-4794-b697-cf53a0451fcf
10146_0,d113edee-bcc0-46fb-9039-30e7418c364a
8351_1,53788447-64a7-409e-b4f7-2360f44d2d0f
8948_3,70f93068-8fd5-4884-b6f3-36652346cb83
8394_1,9ee13c24-de59-4f34-939e-ac797b09953a
8436_3,7b704f54-617c-4170-8df0-62c674253446
8504_0,251231e1-eb35-4a00-99f0-f288bfddc95c
8584_1,a0cca46a-bb5e-4a6a-ba52-50a6342099cd
8622_2,73635784-f157-41b8-a558-3dd5f605666a
9405_1,a6e909c0-b0f2-4ee6-9537-bd10c10fb808
8870_0,271a0a88-c36d-49d1-8028-f68e3bfdce2b
9026_1,d6d22caa-9a1f-4769-b15e-c0001b27bb77
9098_2,b110e03c-aa26-486e-841c-21ae34a90840
9127_1,365712b8-6e37-4a12-af6e-5a96b428b26e
8703_2,46df6745-5bf1-401f-9d3b-986076700f81
8534_1,cd0e4dce-5f88-4bab-bda6-d7ea91657bc2
8609_1,f78fd028-da17-455b-87ae-dce1fa8e789d
8486_1,8be22e0b-820f-48ee-8e30-bad30a3c0adf
9748_2,9d4d29c8-070d-4ef2-9d0f-3982de1ca6a5
8664_2,8eba0780-2b31-41f7-83d2-1f68e167afb7
8579_0,c7774541-113a-4a1d-a1ca-acbcd997f2f0
8642_1,03aed8cb-f247-44f9-9c4d-aa21857284e9
8802_1,3e358a79-6e9c-4120-ad13-6e881db38086
8688_0,ebb2c845-0078-44fc-97f2-1339af0cf392
8337_2,bbc4af06-5a3f-4ce4-aa82-ef492551bbe5
8897_3,139e685f-b2df-4704-aad5-77f3be7c2d30
8500_1,031b12a4-eccc-416d-908d-74a9c12cbccd
8422_2,4f2733f7-4d9e-40de-a658-0245e65f315e
8719_1,0dca8be0-0b2d-4ff6-b527-99df526d07bd
8587_1,ea836953-86be-4357-8122-c33d0c24442e
11134_3,e4dbae70-4344-4482-a621-65e05826cb43
8410_2,29e9e3d5-06d4-4fce-8a58-143242c7c127
8585_1,3b41c832-9757-4434-9500-b1bb1632ce61
13091_2,18d51392-ed69-4ecb-b7a1-92c583f2c93a
8697_1,c992dd56-82ca-462b-bb97-1d8ab5a547bb
8832_3,acc435d3-58c6-43de-aa08-855d0956cd9e
8185_2,60e1d7d5-8782-4859-9c5b-6f5b9498e119
9724_2,20194250-9a62-47df-ace4-8971d057a6ae
8927_2,6156f7c5-b109-4463-bf84-fc28cce9e7f0
7755_3,5a4a2e38-3946-478f-aed1-dc76170fa261
8667_2,cde9ab10-827b-42d3-adbb-9d5fd733248c
8658_3,0e42a31e-c76c-424c-bba2-ff1f43dcc5ed
8718_1,3090ec87-d4fc-47e9-8425-2bd9dacd5260
9103_3,980261d9-8532-4f2b-911a-06c59269dc43
8710_2,a066b5f6-2b62-4114-9059-6c59f668acec
8620_1,53ad03ed-6913-40d5-ae56-4e40fa9bff6b
8789_3,ac6b11f4-8252-4b87-874a-9fa7f8e348c4
10032_1,76902f96-5343-4c08-acf5-40e5b234f2a7
9207_3,871aa759-f518-4ef7-aa77-9eb6b4348f1b
9385_2,4dd3004e-e432-484e-b018-bfb75c6f5c3a
9081_3,cf414513-06c3-4e2d-b8ee-024f046f8559
8698_2,907a3a67-9237-42a5-949c-0206e23b6569
9085_2,e417ce53-4451-437e-a85e-1ed7637e76b3
8740_3,4ffcb74e-2cec-40f8-88ea-689c6187f670
7787_3,3b251b33-fa5b-4352-a7e6-302b8a0d931f
8224_3,9b72fe73-c409-473a-a906-0afd40cf81be
8245_3,52f52c3e-ae5f-47b9-8eac-b94a40319875
10752_2,598d314f-026c-4714-8ffa-79482a5ddcf0
8967_1,91b3e639-e753-49ea-9838-53176335d3ae
10401_2,b113724c-2cbf-474e-b3c2-b460d9158f5b
8610_1,e79053a7-74e3-407d-b930-ccd9d87fa622
9197_3,2abcfd19-ca81-4ca0-840b-3288af1e1523
8804_3,79bcb561-1e37-4fc8-ac77-bc479cae4195
9136_1,b763c7d3-d7e6-4749-a4e4-8b29882c5890
8297_2,55e2371d-a697-4636-8112-494627856db3
8616_i,75b3186d-d17b-4aab-95a6-ee03c32897d1
9245_1,ad8d9913-8b33-491a-ac77-692c0fee612c
11440_2,e9f8b3fd-c288-4480-a2dc-621eb06af378
8668_i,4680c3e0-82c4-4a9c-a073-c18d71da1a61
9787_1,58f8e6b7-520a-4201-8b6d-6ce6f536c5fe
8693_i,c4857599-30c1-42ab-a648-8c12662966bb
8689_0,fda6c5aa-5ebe-4f56-be9c-51863523538c
9400_2,fda6c5aa-5ebe-4f56-be9c-51863523538c
8704_i,8779a90c-0b54-492c-80c4-ea0cb17dfece
8818_1,836e0785-888a-41f0-9f16-b58e289f2285
7152_3,3fb53ef2-9212-48d8-ab79-a89499830a5e
8714_i,d7f5e2b8-c873-40a9-88ed-98cc5e0d4739
8645_2,0fb0e06a-7fd6-47ab-a011-fa532662b157
8709_1,8ddc2bc5-7e41-425a-805e-3360829d7aac
9930_1,82e79852-0795-4f65-81a4-a97274e51b4a
8097_3,3ea57337-cd65-4228-95f0-9472dbe1ab4a
8731_0,6b3e7b51-73b9-4a0d-b53f-4524d2315c1f
10405_2,d7ba5d4d-6b63-4a29-98f5-572f99c46882
8766_1,1dee38b0-ec7d-4b4c-8ec9-336f01801264
11178_3,526b4a6e-c0f8-4ecb-90e5-da5ce1393a5b
8129_4,1dee38b0-ec7d-4b4c-8ec9-336f01801264
8738_1,a530a532-48c0-4b6d-af51-18f199da1e7f
8869_1,d288222d-1123-450c-97b2-2a6840a4fce3
8395_3,0862581b-324c-471b-bca4-0e8c019a0c45
8711_3,7cebb5d0-672d-44a4-98c6-fe5ee72914dc
8811_0,a74af9fb-6f45-4782-b522-a31e1ececeda
8694_1,6332db25-a62f-4688-8352-6315e7c38e6f
8854_0,d629c33a-0d85-41e6-afbe-9c7af81e50db
8848_0,69e5a9cb-00ee-44d5-b25b-bc9eaa5a2a2e
8933_2,c77059c7-e1b2-4670-b9c8-e4b772532126
8670_0,ec6e9366-49e1-4957-9dd1-0df7b7a9acc9
8745_2,dbc424ab-a939-4381-8c01-ea4d43c12cc5
8625_1,9a3f5f70-ba15-4540-8e22-0c8ec2d48039
8659_0,99571c42-098b-4fc0-b218-f70b3670a46b
8932_0,44c6f433-8250-482d-b834-44b8d8ef0f89
8765_1,29ecb79d-d3c6-4f97-b64e-7de52b4907e1
9058_0,9aa00fd6-4c2d-42d4-bce3-6a5212b4da46
8783_0,9aa00fd6-4c2d-42d4-bce3-6a5212b4da46
9182_3,46285bae-45c9-48ae-912b-932b32ab53b2
8862_0,3f2e2461-5a5b-4078-91c3-66c82b2f327f
8787_0,a1ef09ec-52ec-4e08-97db-6c2adf61b521
13056_4,7cbfec1a-e690-41d9-832f-c7bb9cc02bcd
10281_0,cacafea1-af33-458b-9fa5-203e08d89691
8823_i,d5675c2e-4613-4326-82c2-070d60b9f471
10005_3,503193c6-72ae-425d-983d-7c16dfe0ac0a
8946_1,736b6604-e2ff-424a-808d-54bd9f1bf09f
8663_2,bb0b6a19-4873-45a5-b251-be872ae1bd04
8416_1,029abb54-de78-4ff8-b08a-6562a1cd10b6
9008_0,c3b2e9dd-f1d3-4798-85fe-9605f6a54843
8857_2,2275e28a-bddb-475f-9fed-0dbfabbcd4a5
9102_0,3a4e0196-09fe-4741-a05d-35fcfa95e644
9086_1,244a99ec-3cd4-4d7e-95bd-4be3757c16e9
9644_4,bcea1e94-e16a-4af2-b753-4e2f67ff1fd5
8686_1,3fcaaa5d-e234-4a56-8a4f-445b6c8850e9
8974_0,53ef2a32-300e-4043-8d2b-a6d3cc85cc00
8673_0,9dcebafa-018e-44a8-b3ef-7c318c9e781b
8905_2,28c32146-d29b-4857-a025-9046957ec0de
8560_2,82c84777-01c8-4fb0-8273-87681a48ba56
9659_0,1b8e356d-d134-4a89-bfb7-1087b9baffe8
8872_i,d3ff3d12-f384-475d-836d-9a1a5d636d30
9092_0,86c2472c-5cb2-462e-bdfb-e28599ea2fdb
8445_1,a653a302-a060-439c-8e3c-9f1621ba5c46
9208_0,7254e4b8-8aa0-4e55-9b11-a624575baae7
9005_0,2f368fd6-e90d-4d9e-ba46-ae2a6e0a2b53
8901_i,d6024596-b903-49d5-a33c-a415e42893e6
8793_0,af4e41c1-c28a-45eb-b5f5-e83b4a9a0ce4
8907_0,0ba2d55b-5c3e-49a0-b75f-4165373cf5de
10029_1,cb0ffaa0-adba-44e9-af82-fae6a9e57528
8912_i,6a5667af-14a2-4770-a837-cc9ce6f8cb5b
9422_2,32268a16-6488-4648-8abe-dbc313dbb07b
8613_2,18981380-708a-4a86-b771-8d3254786415
9747_2,20cf7b5c-1df0-4794-b697-cf53a0451fcf
10146_1,d113edee-bcc0-46fb-9039-30e7418c364a
9392_0,f003c3cb-f20f-41ea-adde-efbb3f78590f
8948_4,70f93068-8fd5-4884-b6f3-36652346cb83
8921_0,9ee13c24-de59-4f34-939e-ac797b09953a
8619_0,7b704f54-617c-4170-8df0-62c674253446
8504_1,251231e1-eb35-4a00-99f0-f288bfddc95c
9017_0,36c02820-1549-4b57-af50-b534194ea9eb
9742_0,73635784-f157-41b8-a558-3dd5f605666a
9405_2,a6e909c0-b0f2-4ee6-9537-bd10c10fb808
8870_1,271a0a88-c36d-49d1-8028-f68e3bfdce2b
9026_2,d6d22caa-9a1f-4769-b15e-c0001b27bb77
9098_3,b110e03c-aa26-486e-841c-21ae34a90840
9127_2,365712b8-6e37-4a12-af6e-5a96b428b26e
10364_0,46df6745-5bf1-401f-9d3b-986076700f81
9041_0,cd0e4dce-5f88-4bab-bda6-d7ea91657bc2
8973_0,7415198e-67de-4e74-87d9-4faa12884988
10341_0,201fc099-ea25-4954-aadd-16d115ec417b
9748_3,9d4d29c8-070d-4ef2-9d0f-3982de1ca6a5
9522_0,8eba0780-2b31-41f7-83d2-1f68e167afb7
8986_0,c7774541-113a-4a1d-a1ca-acbcd997f2f0
9032_0,948cc20b-3328-477c-ba5b-bd6f3543a84d
8995_0,3e358a79-6e9c-4120-ad13-6e881db38086
9100_0,ebb2c845-0078-44fc-97f2-1339af0cf392
8337_3,bbc4af06-5a3f-4ce4-aa82-ef492551bbe5
9001_i,9e3d6406-b9df-4235-b141-1f0765d5bcdd
10819_0,139e685f-b2df-4704-aad5-77f3be7c2d30
8886_0,836e0785-888a-41f0-9f16-b58e289f2285
9477_0,c2209904-54d0-4b70-b353-711388041764
9228_0,0dca8be0-0b2d-4ff6-b527-99df526d07bd
8934_0,ea836953-86be-4357-8122-c33d0c24442e
11134_4,e4dbae70-4344-4482-a621-65e05826cb43
10324_0,f8dc004e-dfd0-462b-bd7b-4dd794ae3827
13091_3,18d51392-ed69-4ecb-b7a1-92c583f2c93a
9790_0,42da6eb9-34af-4bd5-ba35-32a5b34013a7
10431_0,acc435d3-58c6-43de-aa08-855d0956cd9e
8712_0,60e1d7d5-8782-4859-9c5b-6f5b9498e119
9724_3,20194250-9a62-47df-ace4-8971d057a6ae
9123_0,6156f7c5-b109-4463-bf84-fc28cce9e7f0
8984_0,5a4a2e38-3946-478f-aed1-dc76170fa261
8667_3,cde9ab10-827b-42d3-adbb-9d5fd733248c
9072_i,a095e048-a9ab-4aff-890b-5a23e00077ae
8658_4,0e42a31e-c76c-424c-bba2-ff1f43dcc5ed
9469_0,3090ec87-d4fc-47e9-8425-2bd9dacd5260
9103_4,980261d9-8532-4f2b-911a-06c59269dc43
9276_0,f817fe86-828e-4be6-84b9-22de513c3746
9121_0,53ad03ed-6913-40d5-ae56-4e40fa9bff6b
9633_0,ac6b11f4-8252-4b87-874a-9fa7f8e348c4
10032_2,76902f96-5343-4c08-acf5-40e5b234f2a7
9207_4,871aa759-f518-4ef7-aa77-9eb6b4348f1b
9385_3,4dd3004e-e432-484e-b018-bfb75c6f5c3a
9433_0,cf414513-06c3-4e2d-b8ee-024f046f8559
11796_0,907a3a67-9237-42a5-949c-0206e23b6569
10379_0,e417ce53-4451-437e-a85e-1ed7637e76b3
8916_0,4ffcb74e-2cec-40f8-88ea-689c6187f670
9138_0,25ea93e9-80a3-4b3e-87e0-a390a40bf135
9044_0,70b9f7b5-28c2-4e49-8639-4533aee2b7d4
9076_0,ccd32804-eef9-4bc7-9d2d-1c7366bcefc7
10752_3,598d314f-026c-4714-8ffa-79482a5ddcf0
9687_0,fb30d7ed-0136-4f28-9d9d-429736b75453
9188_i,cf04b5ed-6e76-45aa-9677-fc28af59886a
10401_3,b113724c-2cbf-474e-b3c2-b460d9158f5b
9587_0,d32fc1fa-d1d0-49ee-8d01-270f0bbe9980
9196_i,d5675c2e-4613-4326-82c2-070d60b9f471
9197_4,2abcfd19-ca81-4ca0-840b-3288af1e1523
9990_0,5ede503c-273c-4456-8e52-cc28e356389e
9205_0,b763c7d3-d7e6-4749-a4e4-8b29882c5890
9215_0,55e2371d-a697-4636-8112-494627856db3
10065_0,75b3186d-d17b-4aab-95a6-ee03c32897d1
9245_2,ad8d9913-8b33-491a-ac77-692c0fee612c
9240_i,932ece36-e046-440c-a411-410555122530
11440_3,e9f8b3fd-c288-4480-a2dc-621eb06af378
9210_0,4680c3e0-82c4-4a9c-a073-c18d71da1a61
9787_2,58f8e6b7-520a-4201-8b6d-6ce6f536c5fe
9259_i,d01c647b-101d-4aa2-91bc-fbf77922147a
9425_0,c4857599-30c1-42ab-a648-8c12662966bb
9459_0,fda6c5aa-5ebe-4f56-be9c-51863523538c
9400_3,fda6c5aa-5ebe-4f56-be9c-51863523538c
9567_0,8779a90c-0b54-492c-80c4-ea0cb17dfece
9281_0,836e0785-888a-41f0-9f16-b58e289f2285
9396_0,d7f5e2b8-c873-40a9-88ed-98cc5e0d4739
9036_0,0fb0e06a-7fd6-47ab-a011-fa532662b157
9377_0,787afa6b-9a28-4fdd-8264-d32f555d3090
9930_2,82e79852-0795-4f65-81a4-a97274e51b4a
9291_i,b2b1b474-c1cb-4b35-8e16-e6ef883ba456
9997_0,8d597e05-dbd5-406c-a9ae-5af8171065ee
9212_0,a2ff3dc4-19fc-438b-940f-aeae1d0d0b86
10405_3,d7ba5d4d-6b63-4a29-98f5-572f99c46882
9387_0,1dee38b0-ec7d-4b4c-8ec9-336f01801264
11178_4,526b4a6e-c0f8-4ecb-90e5-da5ce1393a5b
9769_0,1dee38b0-ec7d-4b4c-8ec9-336f01801264
9295_i,202cd1ad-ff05-4b31-a151-2284aab26bf5
9130_0,8eba0780-2b31-41f7-83d2-1f68e167afb7
9665_0,d288222d-1123-450c-97b2-2a6840a4fce3
10204_0,0862581b-324c-471b-bca4-0e8c019a0c45
9683_0,9b6bb02f-f26d-47bf-af82-695bee8d20de
9229_0,d113edee-bcc0-46fb-9039-30e7418c364a
9461_0,d629c33a-0d85-41e6-afbe-9c7af81e50db
9312_0,69e5a9cb-00ee-44d5-b25b-bc9eaa5a2a2e
9591_0,c77059c7-e1b2-4670-b9c8-e4b772532126
10041_0,ec6e9366-49e1-4957-9dd1-0df7b7a9acc9
10142_0,dd852634-b2a8-49f2-b465-0ddcbc78c624
9252_0,9a3f5f70-ba15-4540-8e22-0c8ec2d48039
8932_1,44c6f433-8250-482d-b834-44b8d8ef0f89
9562_0,29ecb79d-d3c6-4f97-b64e-7de52b4907e1
9445_0,ee402641-fd70-4b86-bbbe-f6007f85b4ab
10550_0,46285bae-45c9-48ae-912b-932b32ab53b2
9319_0,3f2e2461-5a5b-4078-91c3-66c82b2f327f
9473_0,a1ef09ec-52ec-4e08-97db-6c2adf61b521
13056_5,7cbfec1a-e690-41d9-832f-c7bb9cc02bcd
10281_1,cacafea1-af33-458b-9fa5-203e08d89691
9784_0,c35b0342-1382-4a06-aea4-6f95f1576930
10005_4,503193c6-72ae-425d-983d-7c16dfe0ac0a
9962_0,736b6604-e2ff-424a-808d-54bd9f1bf09f
8939_0,bb0b6a19-4873-45a5-b251-be872ae1bd04
9443_0,029abb54-de78-4ff8-b08a-6562a1cd10b6
13229_0,58493718-024b-4172-8397-8ab6a9ec9b01
9536_0,2275e28a-bddb-475f-9fed-0dbfabbcd4a5
9357_0,3a4e0196-09fe-4741-a05d-35fcfa95e644
9693_0,244a99ec-3cd4-4d7e-95bd-4be3757c16e9
9644_5,bcea1e94-e16a-4af2-b753-4e2f67ff1fd5
9256_0,41d53586-9304-488d-aa43-00840cb4252b
9586_0,53ef2a32-300e-4043-8d2b-a6d3cc85cc00
10314_0,9dcebafa-018e-44a8-b3ef-7c318c9e781b
9756_0,2f46e6e0-95fa-4f6f-b42b-ac4a3ceb7392
8560_3,82c84777-01c8-4fb0-8273-87681a48ba56
9659_1,1b8e356d-d134-4a89-bfb7-1087b9baffe8
9290_0,d3ff3d12-f384-475d-836d-9a1a5d636d30
9726_0,86c2472c-5cb2-462e-bdfb-e28599ea2fdb
9551_0,a653a302-a060-439c-8e3c-9f1621ba5c46
9493_0,7254e4b8-8aa0-4e55-9b11-a624575baae7
9397_i,40f061da-f2f3-4a98-94fb-77c7df0d435e
10183_0,2f368fd6-e90d-4d9e-ba46-ae2a6e0a2b53
9401_i,c8c4f837-2d3c-434d-9c34-fd7d18eba98a
9983_0,af4e41c1-c28a-45eb-b5f5-e83b4a9a0ce4
9403_0,936c909f-f38d-4160-ab57-1629e5b08cc2
10029_2,cb0ffaa0-adba-44e9-af82-fae6a9e57528
9429_0,6a5667af-14a2-4770-a837-cc9ce6f8cb5b
9422_3,32268a16-6488-4648-8abe-dbc313dbb07b
8613_3,18981380-708a-4a86-b771-8d3254786415
9747_3,20cf7b5c-1df0-4794-b697-cf53a0451fcf
10146_2,d113edee-bcc0-46fb-9039-30e7418c364a
9392_1,f003c3cb-f20f-41ea-adde-efbb3f78590f
9420_i,67198e5f-163c-4469-b30e-28726fcf0b3e
9594_0,70f93068-8fd5-4884-b6f3-36652346cb83
9437_0,9ee13c24-de59-4f34-939e-ac797b09953a
8619_1,7b704f54-617c-4170-8df0-62c674253446
8504_2,251231e1-eb35-4a00-99f0-f288bfddc95c
9867_0,36c02820-1549-4b57-af50-b534194ea9eb
9742_1,73635784-f157-41b8-a558-3dd5f605666a
9405_3,a6e909c0-b0f2-4ee6-9537-bd10c10fb808
10058_0,271a0a88-c36d-49d1-8028-f68e3bfdce2b
9615_0,b8f25c1f-e2d5-4633-81ae-ad3cbc15d341
9453_i,353d2cd1-4e94-4e91-9a6d-cf320049ca66
9098_4,b110e03c-aa26-486e-841c-21ae34a90840
9508_0,365712b8-6e37-4a12-af6e-5a96b428b26e
10364_1,46df6745-5bf1-401f-9d3b-986076700f81
9498_0,cd0e4dce-5f88-4bab-bda6-d7ea91657bc2
10341_1,201fc099-ea25-4954-aadd-16d115ec417b
9748_4,9d4d29c8-070d-4ef2-9d0f-3982de1ca6a5
9491_i,83762127-5e07-4387-9e2c-839d0870cc7d
9501_i,3414a07c-c4f6-4dd2-b9eb-42a4178ee78e
9504_i,48286b06-08bf-40a5-938f-24d442765e4d
9522_1,8eba0780-2b31-41f7-83d2-1f68e167afb7
8986_1,c7774541-113a-4a1d-a1ca-acbcd997f2f0
9519_0,03aed8cb-f247-44f9-9c4d-aa21857284e9
9785_0,3e358a79-6e9c-4120-ad13-6e881db38086
9517_0,ebb2c845-0078-44fc-97f2-1339af0cf392
9375_0,f7de7e14-913e-4cbc-a89c-47480076fa34
9547_0,9e3d6406-b9df-4235-b141-1f0765d5bcdd
10819_1,139e685f-b2df-4704-aad5-77f3be7c2d30
9460_0,836e0785-888a-41f0-9f16-b58e289f2285
10363_0,c2209904-54d0-4b70-b353-711388041764
9778_0,0dca8be0-0b2d-4ff6-b527-99df526d07bd
8934_1,ea836953-86be-4357-8122-c33d0c24442e
11134_5,e4dbae70-4344-4482-a621-65e05826cb43
9574_i,893eca77-0183-4abf-b2fa-f655ef9b049d
10324_1,f8dc004e-dfd0-462b-bd7b-4dd794ae3827
13091_4,18d51392-ed69-4ecb-b7a1-92c583f2c93a
9790_1,42da6eb9-34af-4bd5-ba35-32a5b34013a7
10431_1,acc435d3-58c6-43de-aa08-855d0956cd9e
9724_4,20194250-9a62-47df-ace4-8971d057a6ae
9695_0,a13840ee-db5b-44e3-8b35-1abc470d68aa
9470_0,5a4a2e38-3946-478f-aed1-dc76170fa261
8667_4,cde9ab10-827b-42d3-adbb-9d5fd733248c
9844_0,a095e048-a9ab-4aff-890b-5a23e00077ae
10111_0,0e42a31e-c76c-424c-bba2-ff1f43dcc5ed
9649_0,3090ec87-d4fc-47e9-8425-2bd9dacd5260
9103_5,980261d9-8532-4f2b-911a-06c59269dc43
9624_i,42d5ec7b-476a-482e-ac4e-aabaf7cc928c
9627_i,e1b802be-e86f-4c41-b75e-679fb2658ce8
9638_i,f003c3cb-f20f-41ea-adde-efbb3f78590f
9634_i,d3fa413f-a0a1-4602-a8a6-75308e653cae
9929_0,53ad03ed-6913-40d5-ae56-4e40fa9bff6b
9633_1,ac6b11f4-8252-4b87-874a-9fa7f8e348c4
9658_i,20194250-9a62-47df-ace4-8971d057a6ae
10032_3,76902f96-5343-4c08-acf5-40e5b234f2a7
9207_5,871aa759-f518-4ef7-aa77-9eb6b4348f1b
9722_0,4dd3004e-e432-484e-b018-bfb75c6f5c3a
10017_0,cf414513-06c3-4e2d-b8ee-024f046f8559
11796_1,907a3a67-9237-42a5-949c-0206e23b6569
10379_1,e417ce53-4451-437e-a85e-1ed7637e76b3
9676_i,080ec1c8-3e16-4539-8558-213debade35f
9861_0,25ea93e9-80a3-4b3e-87e0-a390a40bf135
9044_1,70b9f7b5-28c2-4e49-8639-4533aee2b7d4
9926_0,ccd32804-eef9-4bc7-9d2d-1c7366bcefc7
10752_4,598d314f-026c-4714-8ffa-79482a5ddcf0
9687_1,fb30d7ed-0136-4f28-9d9d-429736b75453
9993_0,cf04b5ed-6e76-45aa-9677-fc28af59886a
10401_4,b113724c-2cbf-474e-b3c2-b460d9158f5b
9657_0,e79053a7-74e3-407d-b930-ccd9d87fa622
10318_0,d5675c2e-4613-4326-82c2-070d60b9f471
11280_0,3959ea1f-c6f6-4acf-823d-e79764014ff3
9990_1,5ede503c-273c-4456-8e52-cc28e356389e
9835_0,cf8c2512-fa3e-4c0b-9825-09af31a86f5d
9847_0,55e2371d-a697-4636-8112-494627856db3
10065_1,75b3186d-d17b-4aab-95a6-ee03c32897d1
9663_0,ad8d9913-8b33-491a-ac77-692c0fee612c
9912_0,932ece36-e046-440c-a411-410555122530
11440_4,e9f8b3fd-c288-4480-a2dc-621eb06af378
9436_0,4680c3e0-82c4-4a9c-a073-c18d71da1a61
9787_3,58f8e6b7-520a-4201-8b6d-6ce6f536c5fe
9895_0,d01c647b-101d-4aa2-91bc-fbf77922147a
9678_0,fda6c5aa-5ebe-4f56-be9c-51863523538c
9853_0,fda6c5aa-5ebe-4f56-be9c-51863523538c
10420_0,b870d09e-15b9-4b05-8503-d3fd0796dbdb
9799_0,836e0785-888a-41f0-9f16-b58e289f2285
10167_0,79347cc9-70a1-4ed4-bc93-66b549c1638e
10226_0,0fb0e06a-7fd6-47ab-a011-fa532662b157
9697_0,8ddc2bc5-7e41-425a-805e-3360829d7aac
9930_3,82e79852-0795-4f65-81a4-a97274e51b4a
9880_0,b2b1b474-c1cb-4b35-8e16-e6ef883ba456
9997_1,8d597e05-dbd5-406c-a9ae-5af8171065ee
9758_0,a2ff3dc4-19fc-438b-940f-aeae1d0d0b86
10405_4,d7ba5d4d-6b63-4a29-98f5-572f99c46882
9901_0,1dee38b0-ec7d-4b4c-8ec9-336f01801264
11178_5,526b4a6e-c0f8-4ecb-90e5-da5ce1393a5b
9769_1,1dee38b0-ec7d-4b4c-8ec9-336f01801264
9830_0,202cd1ad-ff05-4b31-a151-2284aab26bf5
11060_0,8eba0780-2b31-41f7-83d2-1f68e167afb7
9665_1,d288222d-1123-450c-97b2-2a6840a4fce3
10204_1,0862581b-324c-471b-bca4-0e8c019a0c45
9736_0,d113edee-bcc0-46fb-9039-30e7418c364a
9781_i,75926ed6-fbb8-426a-83a9-82ce02b87202
9918_0,d629c33a-0d85-41e6-afbe-9c7af81e50db
9976_0,69e5a9cb-00ee-44d5-b25b-bc9eaa5a2a2e
9642_0,c77059c7-e1b2-4670-b9c8-e4b772532126
10041_1,ec6e9366-49e1-4957-9dd1-0df7b7a9acc9
10142_1,dd852634-b2a8-49f2-b465-0ddcbc78c624
12098_0,44c6f433-8250-482d-b834-44b8d8ef0f89
9671_0,29ecb79d-d3c6-4f97-b64e-7de52b4907e1
10125_0,ee402641-fd70-4b86-bbbe-f6007f85b4ab
10550_1,46285bae-45c9-48ae-912b-932b32ab53b2
9981_0,a1ef09ec-52ec-4e08-97db-6c2adf61b521
13056_6,7cbfec1a-e690-41d9-832f-c7bb9cc02bcd
10281_2,cacafea1-af33-458b-9fa5-203e08d89691
10151_0,a95ed1ac-8f97-4039-b1b8-52d1b391bd4b
10005_5,503193c6-72ae-425d-983d-7c16dfe0ac0a
9962_1,736b6604-e2ff-424a-808d-54bd9f1bf09f
9666_0,bb0b6a19-4873-45a5-b251-be872ae1bd04
12697_0,a8279c93-c959-441e-be64-ee67ffe5fbef
13229_1,58493718-024b-4172-8397-8ab6a9ec9b01
9965_0,2275e28a-bddb-475f-9fed-0dbfabbcd4a5
9821_0,3a4e0196-09fe-4741-a05d-35fcfa95e644
9941_0,244a99ec-3cd4-4d7e-95bd-4be3757c16e9
9668_0,3c69d4d3-8997-4a03-ae27-3ad71b785c84
9721_0,41d53586-9304-488d-aa43-00840cb4252b
9816_0,53ef2a32-300e-4043-8d2b-a6d3cc85cc00
10314_1,9dcebafa-018e-44a8-b3ef-7c318c9e781b
9870_i,67b0da2f-44bc-4560-b3c8-eaa87cbecd59
9756_1,2f46e6e0-95fa-4f6f-b42b-ac4a3ceb7392
8560_4,82c84777-01c8-4fb0-8273-87681a48ba56
9659_2,1b8e356d-d134-4a89-bfb7-1087b9baffe8
9982_0,7cd248e4-0398-4d2f-a18f-f318ab51d1a4
11769_0,86c2472c-5cb2-462e-bdfb-e28599ea2fdb
9551_1,a653a302-a060-439c-8e3c-9f1621ba5c46
10350_0,118bfbd4-68d6-4056-9425-0d1c1292c6dd
10183_1,2f368fd6-e90d-4d9e-ba46-ae2a6e0a2b53
10591_0,c8c4f837-2d3c-434d-9c34-fd7d18eba98a
9983_1,af4e41c1-c28a-45eb-b5f5-e83b4a9a0ce4
9943_0,936c909f-f38d-4160-ab57-1629e5b08cc2
10029_3,cb0ffaa0-adba-44e9-af82-fae6a9e57528
9771_0,4351c089-fac1-4720-9069-a8f02cc5dd78
12142_0,20cf7b5c-1df0-4794-b697-cf53a0451fcf
10146_3,d113edee-bcc0-46fb-9039-30e7418c364a
10267_0,f003c3cb-f20f-41ea-adde-efbb3f78590f
10190_0,67198e5f-163c-4469-b30e-28726fcf0b3e
9940_0,6a5667af-14a2-4770-a837-cc9ce6f8cb5b
9942_i,adb3cfd9-55fa-44f3-af26-e0217fc84cca
10851_0,9ee13c24-de59-4f34-939e-ac797b09953a
8504_3,251231e1-eb35-4a00-99f0-f288bfddc95c
10066_0,36c02820-1549-4b57-af50-b534194ea9eb
9984_0,7cd248e4-0398-4d2f-a18f-f318ab51d1a4
9405_4,a6e909c0-b0f2-4ee6-9537-bd10c10fb808
9960_i,dc1a4e0c-1575-4fdb-9894-953710aad711
9961_i,690d55e2-3cd0-4938-92f2-2083f0e749a7
10058_1,271a0a88-c36d-49d1-8028-f68e3bfdce2b
9615_1,b8f25c1f-e2d5-4633-81ae-ad3cbc15d341
9972_0,353d2cd1-4e94-4e91-9a6d-cf320049ca66
9854_0,864dbef5-cb96-431c-beaa-6b68d3775863
10228_0,365712b8-6e37-4a12-af6e-5a96b428b26e
10364_2,46df6745-5bf1-401f-9d3b-986076700f81
10398_0,cd0e4dce-5f88-4bab-bda6-d7ea91657bc2
10341_2,201fc099-ea25-4954-aadd-16d115ec417b
9857_0,9d4d29c8-070d-4ef2-9d0f-3982de1ca6a5
9998_i,ff4614c8-a5c3-4c2e-a119-8ff8d93a3d18
9999_0,83762127-5e07-4387-9e2c-839d0870cc7d
10665_0,3414a07c-c4f6-4dd2-b9eb-42a4178ee78e
10114_0,48286b06-08bf-40a5-938f-24d442765e4d
10269_0,8eba0780-2b31-41f7-83d2-1f68e167afb7
9732_0,c7774541-113a-4a1d-a1ca-acbcd997f2f0
9849_0,03aed8cb-f247-44f9-9c4d-aa21857284e9
10988_0,3e358a79-6e9c-4120-ad13-6e881db38086
9804_0,f7de7e14-913e-4cbc-a89c-47480076fa34
10692_0,9e3d6406-b9df-4235-b141-1f0765d5bcdd
10819_2,139e685f-b2df-4704-aad5-77f3be7c2d30
9460_1,836e0785-888a-41f0-9f16-b58e289f2285
10051_i,f061a6d7-e9c0-413d-b43b-8531ed1ac028
10363_1,c2209904-54d0-4b70-b353-711388041764
10100_0,57497465-41cc-4a5b-89c8-190dde3e5c32
10224_0,ea836953-86be-4357-8122-c33d0c24442e
11134_6,e4dbae70-4344-4482-a621-65e05826cb43
10102_0,893eca77-0183-4abf-b2fa-f655ef9b049d
10324_2,f8dc004e-dfd0-462b-bd7b-4dd794ae3827
13091_5,18d51392-ed69-4ecb-b7a1-92c583f2c93a
10048_0,42da6eb9-34af-4bd5-ba35-32a5b34013a7
10431_2,acc435d3-58c6-43de-aa08-855d0956cd9e
10206_0,20194250-9a62-47df-ace4-8971d057a6ae
10068_i,58ea1ef9-d0b7-4935-8d9f-a63bfbb184c0
10241_0,a13840ee-db5b-44e3-8b35-1abc470d68aa
11109_0,e9313d27-e3df-4a67-a338-90c7a40fe16c
9656_0,dd5eb4aa-c4a6-4257-8b0e-04b95684f62e
10101_0,f314c17d-a9f6-49e9-95dd-064ec88135d4
10111_1,0e42a31e-c76c-424c-bba2-ff1f43dcc5ed
10091_i,4f101d0c-bf1a-4209-ae6a-96ffc34e95e7
10316_0,1eb96fdd-224a-441f-81b5-8d85e9e72f0a
9624_0,42d5ec7b-476a-482e-ac4e-aabaf7cc928c
10107_i,03afaf19-d09a-4deb-8ea0-7954c211de28
10911_0,015106f1-0668-4b4b-94b9-e62eed0cc93e
10422_0,f003c3cb-f20f-41ea-adde-efbb3f78590f
12592_0,c147c85f-da86-4297-8673-e3c4b061a0aa
10121_0,53ad03ed-6913-40d5-ae56-4e40fa9bff6b
9633_2,ac6b11f4-8252-4b87-874a-9fa7f8e348c4
10290_0,20194250-9a62-47df-ace4-8971d057a6ae
10857_0,76902f96-5343-4c08-acf5-40e5b234f2a7
11054_0,871aa759-f518-4ef7-aa77-9eb6b4348f1b
10017_1,cf414513-06c3-4e2d-b8ee-024f046f8559
11796_2,907a3a67-9237-42a5-949c-0206e23b6569
10379_2,e417ce53-4451-437e-a85e-1ed7637e76b3
10768_0,080ec1c8-3e16-4539-8558-213debade35f
10623_0,25ea93e9-80a3-4b3e-87e0-a390a40bf135
10122_0,ccd32804-eef9-4bc7-9d2d-1c7366bcefc7
10752_5,598d314f-026c-4714-8ffa-79482a5ddcf0
10134_0,91b3e639-e753-49ea-9838-53176335d3ae
10218_0,cf04b5ed-6e76-45aa-9677-fc28af59886a
10401_5,b113724c-2cbf-474e-b3c2-b460d9158f5b
9657_1,e79053a7-74e3-407d-b930-ccd9d87fa622
10318_1,d5675c2e-4613-4326-82c2-070d60b9f471
11280_1,3959ea1f-c6f6-4acf-823d-e79764014ff3
12083_0,5ede503c-273c-4456-8e52-cc28e356389e
10280_0,cf8c2512-fa3e-4c0b-9825-09af31a86f5d
10214_i,dba70e46-c6e5-4aec-8bec-115c044c54c2
10211_0,75b3186d-d17b-4aab-95a6-ee03c32897d1
11984_0,ad8d9913-8b33-491a-ac77-692c0fee612c
10969_0,932ece36-e046-440c-a411-410555122530
11440_5,e9f8b3fd-c288-4480-a2dc-621eb06af378
9436_1,4680c3e0-82c4-4a9c-a073-c18d71da1a61
10037_0,58f8e6b7-520a-4201-8b6d-6ce6f536c5fe
10383_0,d01c647b-101d-4aa2-91bc-fbf77922147a
10275_0,fda6c5aa-5ebe-4f56-be9c-51863523538c
9853_1,fda6c5aa-5ebe-4f56-be9c-51863523538c
10420_1,b870d09e-15b9-4b05-8503-d3fd0796dbdb
10223_0,836e0785-888a-41f0-9f16-b58e289f2285
10167_1,79347cc9-70a1-4ed4-bc93-66b549c1638e
10271_0,0fb0e06a-7fd6-47ab-a011-fa532662b157
10265_0,8ddc2bc5-7e41-425a-805e-3360829d7aac
9930_4,82e79852-0795-4f65-81a4-a97274e51b4a
10687_0,b2b1b474-c1cb-4b35-8e16-e6ef883ba456
10130_0,8d597e05-dbd5-406c-a9ae-5af8171065ee
11238_0,49e80f62-6503-4e34-9733-e29e3e2916b8
10405_5,d7ba5d4d-6b63-4a29-98f5-572f99c46882
10777_0,1dee38b0-ec7d-4b4c-8ec9-336f01801264
11178_6,526b4a6e-c0f8-4ecb-90e5-da5ce1393a5b
10965_0,00ef487b-0c2b-4415-9a10-fe23a59a8264
10347_0,202cd1ad-ff05-4b31-a151-2284aab26bf5
11060_1,8eba0780-2b31-41f7-83d2-1f68e167afb7
10658_0,d288222d-1123-450c-97b2-2a6840a4fce3
10204_2,0862581b-324c-471b-bca4-0e8c019a0c45
10360_0,d113edee-bcc0-46fb-9039-30e7418c364a
10490_0,75926ed6-fbb8-426a-83a9-82ce02b87202
10268_0,6c1a2ea3-8661-4c02-aed2-eb2782f288a9
10626_0,69e5a9cb-00ee-44d5-b25b-bc9eaa5a2a2e
10006_0,c77059c7-e1b2-4670-b9c8-e4b772532126
10041_2,ec6e9366-49e1-4957-9dd1-0df7b7a9acc9
11093_0,dd852634-b2a8-49f2-b465-0ddcbc78c624
12098_1,44c6f433-8250-482d-b834-44b8d8ef0f89
11095_0,236d9790-07b7-4d9a-bbae-fd6f11c4248f
10359_i,7e778467-1e84-4325-b7ed-ae27ec44bbe6
10550_2,46285bae-45c9-48ae-912b-932b32ab53b2
10315_0,a1ef09ec-52ec-4e08-97db-6c2adf61b521
13056_7,7cbfec1a-e690-41d9-832f-c7bb9cc02bcd
10355_0,f9479a65-8f2a-47a3-9d6f-ce7cbe73bd59
10514_0,a95ed1ac-8f97-4039-b1b8-52d1b391bd4b
10771_0,503193c6-72ae-425d-983d-7c16dfe0ac0a
10922_0,736b6604-e2ff-424a-808d-54bd9f1bf09f
12653_0,bb0b6a19-4873-45a5-b251-be872ae1bd04
12697_1,a8279c93-c959-441e-be64-ee67ffe5fbef
13229_2,58493718-024b-4172-8397-8ab6a9ec9b01
10185_0,2275e28a-bddb-475f-9fed-0dbfabbcd4a5
10395_0,3a4e0196-09fe-4741-a05d-35fcfa95e644
10575_0,244a99ec-3cd4-4d7e-95bd-4be3757c16e9
12130_0,0e7d3a9f-458e-4a80-8d9c-003d46830a03
10630_0,53ef2a32-300e-4043-8d2b-a6d3cc85cc00
10314_2,9dcebafa-018e-44a8-b3ef-7c318c9e781b
10863_0,67b0da2f-44bc-4560-b3c8-eaa87cbecd59
10977_0,0e614166-63a6-4b71-ad46-354a8a3e9ba7
8560_5,82c84777-01c8-4fb0-8273-87681a48ba56
10644_0,7cd248e4-0398-4d2f-a18f-f318ab51d1a4
11769_1,86c2472c-5cb2-462e-bdfb-e28599ea2fdb
12122_0,a653a302-a060-439c-8e3c-9f1621ba5c46
10551_0,f5df6d40-e778-4984-bef8-b00bc5aeac01
10486_0,2f368fd6-e90d-4d9e-ba46-ae2a6e0a2b53
10591_1,c8c4f837-2d3c-434d-9c34-fd7d18eba98a
11453_0,af4e41c1-c28a-45eb-b5f5-e83b4a9a0ce4
10525_0,936c909f-f38d-4160-ab57-1629e5b08cc2
10143_0,cb0ffaa0-adba-44e9-af82-fae6a9e57528
10629_0,6a5667af-14a2-4770-a837-cc9ce6f8cb5b
12142_1,20cf7b5c-1df0-4794-b697-cf53a0451fcf
11248_0,d113edee-bcc0-46fb-9039-30e7418c364a
11376_0,f003c3cb-f20f-41ea-adde-efbb3f78590f
10480_0,67198e5f-163c-4469-b30e-28726fcf0b3e
10443_0,6a5667af-14a2-4770-a837-cc9ce6f8cb5b
10561_0,adb3cfd9-55fa-44f3-af26-e0217fc84cca
10851_1,9ee13c24-de59-4f34-939e-ac797b09953a
8504_4,251231e1-eb35-4a00-99f0-f288bfddc95c
10822_0,36c02820-1549-4b57-af50-b534194ea9eb
10639_0,7cd248e4-0398-4d2f-a18f-f318ab51d1a4
9405_5,a6e909c0-b0f2-4ee6-9537-bd10c10fb808
10414_0,dc1a4e0c-1575-4fdb-9894-953710aad711
10384_0,690d55e2-3cd0-4938-92f2-2083f0e749a7
11201_0,271a0a88-c36d-49d1-8028-f68e3bfdce2b
10475_0,353d2cd1-4e94-4e91-9a6d-cf320049ca66
9854_1,864dbef5-cb96-431c-beaa-6b68d3775863
11051_0,365712b8-6e37-4a12-af6e-5a96b428b26e
11071_0,46df6745-5bf1-401f-9d3b-986076700f81
10652_0,cd0e4dce-5f88-4bab-bda6-d7ea91657bc2
10501_i,293a2af7-d637-49fb-aa8e-ce8e2720a703
10835_0,9d4d29c8-070d-4ef2-9d0f-3982de1ca6a5
10776_0,ff4614c8-a5c3-4c2e-a119-8ff8d93a3d18
9999_1,83762127-5e07-4387-9e2c-839d0870cc7d
10665_1,3414a07c-c4f6-4dd2-b9eb-42a4178ee78e
10544_0,48286b06-08bf-40a5-938f-24d442765e4d
11113_0,8eba0780-2b31-41f7-83d2-1f68e167afb7
11011_0,c7774541-113a-4a1d-a1ca-acbcd997f2f0
10988_1,3e358a79-6e9c-4120-ad13-6e881db38086
10535_i,2c974fc2-3f50-4194-87b6-4bfda00fdb00
10692_1,9e3d6406-b9df-4235-b141-1f0765d5bcdd
10556_i,45d48289-d930-4668-a3a2-4b597284837e
10819_3,139e685f-b2df-4704-aad5-77f3be7c2d30
10744_0,836e0785-888a-41f0-9f16-b58e289f2285
10944_0,0dca8be0-0b2d-4ff6-b527-99df526d07bd
10279_0,ea836953-86be-4357-8122-c33d0c24442e
11134_7,e4dbae70-4344-4482-a621-65e05826cb43
11382_0,5d8e26f1-f2da-487d-83c6-6ae440adfad9
10879_0,f8dc004e-dfd0-462b-bd7b-4dd794ae3827
13091_6,18d51392-ed69-4ecb-b7a1-92c583f2c93a
10592_0,42da6eb9-34af-4bd5-ba35-32a5b34013a7
10872_0,7a6ed01d-3c59-4a7c-969f-1810d9b723ba
10456_0,20194250-9a62-47df-ace4-8971d057a6ae
11527_0,58ea1ef9-d0b7-4935-8d9f-a63bfbb184c0
11109_1,e9313d27-e3df-4a67-a338-90c7a40fe16c
10261_0,dd5eb4aa-c4a6-4257-8b0e-04b95684f62e
11920_0,0e42a31e-c76c-424c-bba2-ff1f43dcc5ed
11043_0,3052a3eb-ca83-435d-9870-6986a62c1421
10795_0,42d5ec7b-476a-482e-ac4e-aabaf7cc928c
11645_0,5304e9c2-60b1-4fb6-a92d-6e1b9a4009b6
10911_1,015106f1-0668-4b4b-94b9-e62eed0cc93e
10686_i,f96ad60a-4a67-4478-bd19-3ca240d274e5
10442_0,f003c3cb-f20f-41ea-adde-efbb3f78590f
12592_1,c147c85f-da86-4297-8673-e3c4b061a0aa
10698_0,53ad03ed-6913-40d5-ae56-4e40fa9bff6b
10857_1,76902f96-5343-4c08-acf5-40e5b234f2a7
11054_1,871aa759-f518-4ef7-aa77-9eb6b4348f1b
11535_0,3756dc46-dbfa-48f1-99b8-ed844871b5fa
11796_3,907a3a67-9237-42a5-949c-0206e23b6569
10662_0,e417ce53-4451-437e-a85e-1ed7637e76b3
10768_1,080ec1c8-3e16-4539-8558-213debade35f
11344_0,f6deb216-33a8-42e4-8cf0-64f703c5ab90
10749_0,ccd32804-eef9-4bc7-9d2d-1c7366bcefc7
10631_0,91b3e639-e753-49ea-9838-53176335d3ae
10750_0,cf04b5ed-6e76-45aa-9677-fc28af59886a
11038_0,b113724c-2cbf-474e-b3c2-b460d9158f5b
11721_0,e79053a7-74e3-407d-b930-ccd9d87fa622
10789_0,a95ed1ac-8f97-4039-b1b8-52d1b391bd4b
11280_2,3959ea1f-c6f6-4acf-823d-e79764014ff3
12083_1,5ede503c-273c-4456-8e52-cc28e356389e
10793_0,cdecd828-343e-415e-aa20-53e696519e68
10796_0,dba70e46-c6e5-4aec-8bec-115c044c54c2
11118_0,75b3186d-d17b-4aab-95a6-ee03c32897d1
11984_1,ad8d9913-8b33-491a-ac77-692c0fee612c
10969_1,932ece36-e046-440c-a411-410555122530
11440_6,e9f8b3fd-c288-4480-a2dc-621eb06af378
9436_2,4680c3e0-82c4-4a9c-a073-c18d71da1a61
10993_0,d01c647b-101d-4aa2-91bc-fbf77922147a
10938_0,ea9c12e7-47e3-4922-9a79-f23ed699cfee
11321_0,f4b5aa6d-c2c9-4cbc-b584-602701da8594
11064_0,8caa84da-5b03-45ae-8bc0-99c4d1e8f5e6
10810_0,836e0785-888a-41f0-9f16-b58e289f2285
11614_0,79347cc9-70a1-4ed4-bc93-66b549c1638e
11353_0,0fb0e06a-7fd6-47ab-a011-fa532662b157
10901_0,8ddc2bc5-7e41-425a-805e-3360829d7aac
10986_0,82e79852-0795-4f65-81a4-a97274e51b4a
11493_0,b2b1b474-c1cb-4b35-8e16-e6ef883ba456
11237_0,8d597e05-dbd5-406c-a9ae-5af8171065ee
11238_1,49e80f62-6503-4e34-9733-e29e3e2916b8
10830_0,d7ba5d4d-6b63-4a29-98f5-572f99c46882
11135_0,1dee38b0-ec7d-4b4c-8ec9-336f01801264
10916_i,85475288-8bc1-4c9a-b028-1d88f45faf49
11178_7,526b4a6e-c0f8-4ecb-90e5-da5ce1393a5b
10965_1,00ef487b-0c2b-4415-9a10-fe23a59a8264
11025_0,202cd1ad-ff05-4b31-a151-2284aab26bf5
11060_2,8eba0780-2b31-41f7-83d2-1f68e167afb7
11096_0,d288222d-1123-450c-97b2-2a6840a4fce3
10204_3,0862581b-324c-471b-bca4-0e8c019a0c45
10989_0,d113edee-bcc0-46fb-9039-30e7418c364a
11754_0,75926ed6-fbb8-426a-83a9-82ce02b87202
10979_0,6c1a2ea3-8661-4c02-aed2-eb2782f288a9
11023_0,69e5a9cb-00ee-44d5-b25b-bc9eaa5a2a2e
11840_0,2c08e4d4-68ea-4c47-ae51-9d8854cd0784
11098_0,1108da25-b2bf-445c-aa85-75d3ac110b3f
11093_1,dd852634-b2a8-49f2-b465-0ddcbc78c624
10973_i,dc68779f-7309-476c-8795-719000376316
12098_2,44c6f433-8250-482d-b834-44b8d8ef0f89
11095_1,236d9790-07b7-4d9a-bbae-fd6f11c4248f
12286_0,7e778467-1e84-4325-b7ed-ae27ec44bbe6
10983_0,46285bae-45c9-48ae-912b-932b32ab53b2
10964_0,a1ef09ec-52ec-4e08-97db-6c2adf61b521
13056_8,7cbfec1a-e690-41d9-832f-c7bb9cc02bcd
12103_0,598d314f-026c-4714-8ffa-79482a5ddcf0
11100_0,a95ed1ac-8f97-4039-b1b8-52d1b391bd4b
11345_0,503193c6-72ae-425d-983d-7c16dfe0ac0a
12653_1,bb0b6a19-4873-45a5-b251-be872ae1bd04
12697_2,a8279c93-c959-441e-be64-ee67ffe5fbef
13229_3,58493718-024b-4172-8397-8ab6a9ec9b01
11184_0,2275e28a-bddb-475f-9fed-0dbfabbcd4a5
10974_0,3a4e0196-09fe-4741-a05d-35fcfa95e644
10791_0,244a99ec-3cd4-4d7e-95bd-4be3757c16e9
12130_1,0e7d3a9f-458e-4a80-8d9c-003d46830a03
10971_0,53ef2a32-300e-4043-8d2b-a6d3cc85cc00
10843_0,9dcebafa-018e-44a8-b3ef-7c318c9e781b
10863_1,67b0da2f-44bc-4560-b3c8-eaa87cbecd59
11506_0,0e614166-63a6-4b71-ad46-354a8a3e9ba7
11334_0,7c81cb7b-381c-4824-bdb2-080f16d7bf18
11769_2,86c2472c-5cb2-462e-bdfb-e28599ea2fdb
12122_1,a653a302-a060-439c-8e3c-9f1621ba5c46
11049_0,7254e4b8-8aa0-4e55-9b11-a624575baae7
12149_0,2f368fd6-e90d-4d9e-ba46-ae2a6e0a2b53
10882_0,c8c4f837-2d3c-434d-9c34-fd7d18eba98a
11453_1,af4e41c1-c28a-45eb-b5f5-e83b4a9a0ce4
11079_0,936c909f-f38d-4160-ab57-1629e5b08cc2
10511_0,cb0ffaa0-adba-44e9-af82-fae6a9e57528
10844_0,6a5667af-14a2-4770-a837-cc9ce6f8cb5b
12142_2,20cf7b5c-1df0-4794-b697-cf53a0451fcf
11248_1,d113edee-bcc0-46fb-9039-30e7418c364a
11376_1,f003c3cb-f20f-41ea-adde-efbb3f78590f
11030_0,67198e5f-163c-4469-b30e-28726fcf0b3e
11397_0,6a5667af-14a2-4770-a837-cc9ce6f8cb5b
11139_0,adb3cfd9-55fa-44f3-af26-e0217fc84cca
10851_2,9ee13c24-de59-4f34-939e-ac797b09953a
11209_0,36c02820-1549-4b57-af50-b534194ea9eb
11394_0,7cd248e4-0398-4d2f-a18f-f318ab51d1a4
11411_0,a6e909c0-b0f2-4ee6-9537-bd10c10fb808
11739_0,dc1a4e0c-1575-4fdb-9894-953710aad711
11034_0,690d55e2-3cd0-4938-92f2-2083f0e749a7
11201_1,271a0a88-c36d-49d1-8028-f68e3bfdce2b
12880_0,353d2cd1-4e94-4e91-9a6d-cf320049ca66
11065_0,b110e03c-aa26-486e-841c-21ae34a90840
11051_1,365712b8-6e37-4a12-af6e-5a96b428b26e
11071_1,46df6745-5bf1-401f-9d3b-986076700f81
11173_0,cd0e4dce-5f88-4bab-bda6-d7ea91657bc2
10868_0,9d4d29c8-070d-4ef2-9d0f-3982de1ca6a5
11335_0,ff4614c8-a5c3-4c2e-a119-8ff8d93a3d18
12479_0,83762127-5e07-4387-9e2c-839d0870cc7d
10997_0,3414a07c-c4f6-4dd2-b9eb-42a4178ee78e
11115_0,48286b06-08bf-40a5-938f-24d442765e4d
11113_1,8eba0780-2b31-41f7-83d2-1f68e167afb7
11011_1,c7774541-113a-4a1d-a1ca-acbcd997f2f0
12230_0,3e358a79-6e9c-4120-ad13-6e881db38086
11035_0,2c974fc2-3f50-4194-87b6-4bfda00fdb00
11155_0,9e3d6406-b9df-4235-b141-1f0765d5bcdd
11175_0,45d48289-d930-4668-a3a2-4b597284837e
10773_0,836e0785-888a-41f0-9f16-b58e289f2285
11324_0,0dca8be0-0b2d-4ff6-b527-99df526d07bd
12055_0,ea836953-86be-4357-8122-c33d0c24442e
11134_8,e4dbae70-4344-4482-a621-65e05826cb43
11382_1,5d8e26f1-f2da-487d-83c6-6ae440adfad9
10879_1,f8dc004e-dfd0-462b-bd7b-4dd794ae3827
13091_7,18d51392-ed69-4ecb-b7a1-92c583f2c93a
11985_0,42da6eb9-34af-4bd5-ba35-32a5b34013a7
11625_0,acc435d3-58c6-43de-aa08-855d0956cd9e
11273_0,20194250-9a62-47df-ace4-8971d057a6ae
11527_1,58ea1ef9-d0b7-4935-8d9f-a63bfbb184c0
11165_0,e9313d27-e3df-4a67-a338-90c7a40fe16c
11920_1,0e42a31e-c76c-424c-bba2-ff1f43dcc5ed
11202_0,3052a3eb-ca83-435d-9870-6986a62c1421
11015_0,2741ab2f-9c4e-41c1-a2c7-de4e8557d167
11645_1,5304e9c2-60b1-4fb6-a92d-6e1b9a4009b6
11902_0,015106f1-0668-4b4b-94b9-e62eed0cc93e
11571_0,f96ad60a-4a67-4478-bd19-3ca240d274e5
11287_0,f003c3cb-f20f-41ea-adde-efbb3f78590f
12592_2,c147c85f-da86-4297-8673-e3c4b061a0aa
11260_0,53ad03ed-6913-40d5-ae56-4e40fa9bff6b
11284_i,eb5ac095-09ac-45ce-afb8-e04c5102c36d
11730_0,76902f96-5343-4c08-acf5-40e5b234f2a7
11054_2,871aa759-f518-4ef7-aa77-9eb6b4348f1b
11535_1,3756dc46-dbfa-48f1-99b8-ed844871b5fa
11796_4,907a3a67-9237-42a5-949c-0206e23b6569
11426_0,a95ed1ac-8f97-4039-b1b8-52d1b391bd4b
11599_0,a6e909c0-b0f2-4ee6-9537-bd10c10fb808
11344_1,f6deb216-33a8-42e4-8cf0-64f703c5ab90
11822_0,ccd32804-eef9-4bc7-9d2d-1c7366bcefc7
11524_0,91b3e639-e753-49ea-9838-53176335d3ae
10886_0,cf04b5ed-6e76-45aa-9677-fc28af59886a
11732_0,b113724c-2cbf-474e-b3c2-b460d9158f5b
11721_1,e79053a7-74e3-407d-b930-ccd9d87fa622
12454_0,a95ed1ac-8f97-4039-b1b8-52d1b391bd4b
12855_0,3959ea1f-c6f6-4acf-823d-e79764014ff3
12083_2,5ede503c-273c-4456-8e52-cc28e356389e
10793_1,cdecd828-343e-415e-aa20-53e696519e68
11013_0,84cbd81e-4c19-414b-a631-7646c72d69a7
11373_i,e05625a3-ce30-4e94-b92e-d9a28a55bb0d
12540_0,75b3186d-d17b-4aab-95a6-ee03c32897d1
11984_2,ad8d9913-8b33-491a-ac77-692c0fee612c
12198_0,932ece36-e046-440c-a411-410555122530
11440_7,e9f8b3fd-c288-4480-a2dc-621eb06af378
11412_i,1a6f63fe-d74c-49f6-8e8c-b0959d516aae
11037_0,4680c3e0-82c4-4a9c-a073-c18d71da1a61
11574_0,d01c647b-101d-4aa2-91bc-fbf77922147a
11465_0,ea9c12e7-47e3-4922-9a79-f23ed699cfee
11338_0,ea9c12e7-47e3-4922-9a79-f23ed699cfee
11377_0,836e0785-888a-41f0-9f16-b58e289f2285
11614_1,79347cc9-70a1-4ed4-bc93-66b549c1638e
11353_1,0fb0e06a-7fd6-47ab-a011-fa532662b157
11468_0,8ddc2bc5-7e41-425a-805e-3360829d7aac
11493_1,b2b1b474-c1cb-4b35-8e16-e6ef883ba456
12139_0,dc96ef93-7edb-499e-b074-abe03b45da64
11421_0,a2ff3dc4-19fc-438b-940f-aeae1d0d0b86
12106_0,1dee38b0-ec7d-4b4c-8ec9-336f01801264
11447_i,2e679c7a-c725-411a-92a1-bb37d6b63377
11484_0,85475288-8bc1-4c9a-b028-1d88f45faf49
11342_0,3052a3eb-ca83-435d-9870-6986a62c1421
12620_0,202cd1ad-ff05-4b31-a151-2284aab26bf5
11930_0,8eba0780-2b31-41f7-83d2-1f68e167afb7
11515_0,d288222d-1123-450c-97b2-2a6840a4fce3
11446_0,0862581b-324c-471b-bca4-0e8c019a0c45
11473_0,d113edee-bcc0-46fb-9039-30e7418c364a
11754_1,75926ed6-fbb8-426a-83a9-82ce02b87202
11513_0,6c1a2ea3-8661-4c02-aed2-eb2782f288a9
11750_0,69e5a9cb-00ee-44d5-b25b-bc9eaa5a2a2e
11840_1,2c08e4d4-68ea-4c47-ae51-9d8854cd0784
11508_i,d5f7425e-5c23-421d-9c80-5719df9606d7
12760_0,1108da25-b2bf-445c-aa85-75d3ac110b3f
11816_0,dd852634-b2a8-49f2-b465-0ddcbc78c624
11215_0,dc68779f-7309-476c-8795-719000376316
12098_3,44c6f433-8250-482d-b834-44b8d8ef0f89
11510_0,236d9790-07b7-4d9a-bbae-fd6f11c4248f
12286_1,7e778467-1e84-4325-b7ed-ae27ec44bbe6
11780_0,46285bae-45c9-48ae-912b-932b32ab53b2
11562_0,a1ef09ec-52ec-4e08-97db-6c2adf61b521
13056_9,7cbfec1a-e690-41d9-832f-c7bb9cc02bcd
12103_1,598d314f-026c-4714-8ffa-79482a5ddcf0
11938_0,e7bf4730-49b2-4bcf-90c7-c2eb9a2073a3
11604_0,503193c6-72ae-425d-983d-7c16dfe0ac0a
12653_2,bb0b6a19-4873-45a5-b251-be872ae1bd04
12697_3,a8279c93-c959-441e-be64-ee67ffe5fbef
13229_4,58493718-024b-4172-8397-8ab6a9ec9b01
11860_0,2275e28a-bddb-475f-9fed-0dbfabbcd4a5
11668_0,3a4e0196-09fe-4741-a05d-35fcfa95e644
11993_0,244a99ec-3cd4-4d7e-95bd-4be3757c16e9
12130_2,0e7d3a9f-458e-4a80-8d9c-003d46830a03
12199_0,53ef2a32-300e-4043-8d2b-a6d3cc85cc00
12136_0,67b0da2f-44bc-4560-b3c8-eaa87cbecd59
11506_1,0e614166-63a6-4b71-ad46-354a8a3e9ba7
11334_1,7c81cb7b-381c-4824-bdb2-080f16d7bf18
11769_3,86c2472c-5cb2-462e-bdfb-e28599ea2fdb
12122_2,a653a302-a060-439c-8e3c-9f1621ba5c46
11711_0,7254e4b8-8aa0-4e55-9b11-a624575baae7
12149_1,2f368fd6-e90d-4d9e-ba46-ae2a6e0a2b53
11899_0,c8c4f837-2d3c-434d-9c34-fd7d18eba98a
11970_0,af4e41c1-c28a-45eb-b5f5-e83b4a9a0ce4
11771_0,936c909f-f38d-4160-ab57-1629e5b08cc2
12142_3,20cf7b5c-1df0-4794-b697-cf53a0451fcf
11261_0,d113edee-bcc0-46fb-9039-30e7418c364a
11962_0,f003c3cb-f20f-41ea-adde-efbb3f78590f
11692_0,67198e5f-163c-4469-b30e-28726fcf0b3e
12767_0,6a5667af-14a2-4770-a837-cc9ce6f8cb5b
11662_0,adb3cfd9-55fa-44f3-af26-e0217fc84cca
11712_0,9ee13c24-de59-4f34-939e-ac797b09953a
11673_0,36c02820-1549-4b57-af50-b534194ea9eb
11572_0,7cd248e4-0398-4d2f-a18f-f318ab51d1a4
12226_0,a6e909c0-b0f2-4ee6-9537-bd10c10fb808
11739_1,dc1a4e0c-1575-4fdb-9894-953710aad711
12293_0,271a0a88-c36d-49d1-8028-f68e3bfdce2b
12880_1,353d2cd1-4e94-4e91-9a6d-cf320049ca66
12677_0,b110e03c-aa26-486e-841c-21ae34a90840
12202_0,365712b8-6e37-4a12-af6e-5a96b428b26e
13199_0,46df6745-5bf1-401f-9d3b-986076700f81
11660_0,cd0e4dce-5f88-4bab-bda6-d7ea91657bc2
11664_i,ebb50165-7c77-4cb2-b8c0-074af0c1a124
12205_0,9d4d29c8-070d-4ef2-9d0f-3982de1ca6a5
11783_0,ff4614c8-a5c3-4c2e-a119-8ff8d93a3d18
12479_1,83762127-5e07-4387-9e2c-839d0870cc7d
11710_0,48286b06-08bf-40a5-938f-24d442765e4d
11595_0,c7774541-113a-4a1d-a1ca-acbcd997f2f0
12230_1,3e358a79-6e9c-4120-ad13-6e881db38086
11035_1,2c974fc2-3f50-4194-87b6-4bfda00fdb00
11763_0,9e3d6406-b9df-4235-b141-1f0765d5bcdd
11878_0,45d48289-d930-4668-a3a2-4b597284837e
12377_0,836e0785-888a-41f0-9f16-b58e289f2285
11703_0,0dca8be0-0b2d-4ff6-b527-99df526d07bd
12055_1,ea836953-86be-4357-8122-c33d0c24442e
11134_9,e4dbae70-4344-4482-a621-65e05826cb43
11794_0,5d8e26f1-f2da-487d-83c6-6ae440adfad9
13091_8,18d51392-ed69-4ecb-b7a1-92c583f2c93a
11985_1,42da6eb9-34af-4bd5-ba35-32a5b34013a7
14003_0,acc435d3-58c6-43de-aa08-855d0956cd9e
11286_0,875fc471-8891-485a-a20c-ccf27b2db7c7
11641_0,58ea1ef9-d0b7-4935-8d9f-a63bfbb184c0
11765_0,e9313d27-e3df-4a67-a338-90c7a40fe16c
11920_2,0e42a31e-c76c-424c-bba2-ff1f43dcc5ed
11725_0,3090ec87-d4fc-47e9-8425-2bd9dacd5260
12328_0,21377732-c2ff-4ecf-8dd6-ec3896c6504f
11958_0,5304e9c2-60b1-4fb6-a92d-6e1b9a4009b6
11902_1,015106f1-0668-4b4b-94b9-e62eed0cc93e
11744_0,f96ad60a-4a67-4478-bd19-3ca240d274e5
12588_0,f003c3cb-f20f-41ea-adde-efbb3f78590f
12592_3,c147c85f-da86-4297-8673-e3c4b061a0aa
12744_0,53ad03ed-6913-40d5-ae56-4e40fa9bff6b
11764_0,eb5ac095-09ac-45ce-afb8-e04c5102c36d
12942_0,76902f96-5343-4c08-acf5-40e5b234f2a7
11796_5,907a3a67-9237-42a5-949c-0206e23b6569
12929_0,a95ed1ac-8f97-4039-b1b8-52d1b391bd4b
11647_0,4354a56b-6a21-432a-9290-02ca29862974
11822_1,ccd32804-eef9-4bc7-9d2d-1c7366bcefc7
12674_0,91b3e639-e753-49ea-9838-53176335d3ae
12441_0,69a09db7-7f73-40ff-a269-471aff853fbf
11877_0,b113724c-2cbf-474e-b3c2-b460d9158f5b
11721_2,e79053a7-74e3-407d-b930-ccd9d87fa622
12454_1,a95ed1ac-8f97-4039-b1b8-52d1b391bd4b
12855_1,3959ea1f-c6f6-4acf-823d-e79764014ff3
12083_3,5ede503c-273c-4456-8e52-cc28e356389e
10793_2,cdecd828-343e-415e-aa20-53e696519e68
12504_0,84cbd81e-4c19-414b-a631-7646c72d69a7
12425_0,e05625a3-ce30-4e94-b92e-d9a28a55bb0d
12540_1,75b3186d-d17b-4aab-95a6-ee03c32897d1
11984_3,ad8d9913-8b33-491a-ac77-692c0fee612c
12198_1,932ece36-e046-440c-a411-410555122530
11440_8,e9f8b3fd-c288-4480-a2dc-621eb06af378
12417_0,1a6f63fe-d74c-49f6-8e8c-b0959d516aae
11037_1,4680c3e0-82c4-4a9c-a073-c18d71da1a61
12206_0,d01c647b-101d-4aa2-91bc-fbf77922147a
12092_0,ea9c12e7-47e3-4922-9a79-f23ed699cfee
14441_0,ea9c12e7-47e3-4922-9a79-f23ed699cfee
11844_0,836e0785-888a-41f0-9f16-b58e289f2285
11969_0,fa91d49b-2496-45c6-8f74-e9e0bab956b1
11353_2,0fb0e06a-7fd6-47ab-a011-fa532662b157
11468_1,8ddc2bc5-7e41-425a-805e-3360829d7aac
12791_0,b2b1b474-c1cb-4b35-8e16-e6ef883ba456
12139_1,dc96ef93-7edb-499e-b074-abe03b45da64
12233_0,a2ff3dc4-19fc-438b-940f-aeae1d0d0b86
12106_1,1dee38b0-ec7d-4b4c-8ec9-336f01801264
12014_0,2e679c7a-c725-411a-92a1-bb37d6b63377
11982_0,85475288-8bc1-4c9a-b028-1d88f45faf49
12074_0,00ef487b-0c2b-4415-9a10-fe23a59a8264
12620_1,202cd1ad-ff05-4b31-a151-2284aab26bf5
11930_1,8eba0780-2b31-41f7-83d2-1f68e167afb7
12210_0,d288222d-1123-450c-97b2-2a6840a4fce3
11446_1,0862581b-324c-471b-bca4-0e8c019a0c45
12222_0,7999dcdb-e563-4e02-b6fe-2379ffd6d46b
12137_0,75926ed6-fbb8-426a-83a9-82ce02b87202
11912_0,6c1a2ea3-8661-4c02-aed2-eb2782f288a9
11840_2,2c08e4d4-68ea-4c47-ae51-9d8854cd0784
11626_0,d5f7425e-5c23-421d-9c80-5719df9606d7
12760_1,1108da25-b2bf-445c-aa85-75d3ac110b3f
11816_1,dd852634-b2a8-49f2-b465-0ddcbc78c624
12091_0,024984e0-779a-4206-be07-9cd3c3260307
12098_4,44c6f433-8250-482d-b834-44b8d8ef0f89
12084_0,236d9790-07b7-4d9a-bbae-fd6f11c4248f
12286_2,7e778467-1e84-4325-b7ed-ae27ec44bbe6
12272_0,46285bae-45c9-48ae-912b-932b32ab53b2
12138_0,840d7463-6c0c-4ae7-b772-54a65e42f1aa
13056_10,7cbfec1a-e690-41d9-832f-c7bb9cc02bcd
12103_2,598d314f-026c-4714-8ffa-79482a5ddcf0
12044_i,6cc2d79c-f46c-47ed-9e9b-ff13601a7ce6
11938_1,e7bf4730-49b2-4bcf-90c7-c2eb9a2073a3
13905_0,503193c6-72ae-425d-983d-7c16dfe0ac0a
12653_3,bb0b6a19-4873-45a5-b251-be872ae1bd04
12697_4,a8279c93-c959-441e-be64-ee67ffe5fbef
13229_5,58493718-024b-4172-8397-8ab6a9ec9b01
11860_1,2275e28a-bddb-475f-9fed-0dbfabbcd4a5
11981_0,3a4e0196-09fe-4741-a05d-35fcfa95e644
12003_0,244a99ec-3cd4-4d7e-95bd-4be3757c16e9
12078_i,42541847-104e-4d02-ba62-04267f7d6631
12130_3,0e7d3a9f-458e-4a80-8d9c-003d46830a03
12199_1,53ef2a32-300e-4043-8d2b-a6d3cc85cc00
12136_1,67b0da2f-44bc-4560-b3c8-eaa87cbecd59
12082_0,0e614166-63a6-4b71-ad46-354a8a3e9ba7
11334_2,7c81cb7b-381c-4824-bdb2-080f16d7bf18
12208_0,86c2472c-5cb2-462e-bdfb-e28599ea2fdb
12122_3,a653a302-a060-439c-8e3c-9f1621ba5c46
12149_2,2f368fd6-e90d-4d9e-ba46-ae2a6e0a2b53
11899_1,c8c4f837-2d3c-434d-9c34-fd7d18eba98a
12171_0,936c909f-f38d-4160-ab57-1629e5b08cc2
12142_4,20cf7b5c-1df0-4794-b697-cf53a0451fcf
11261_1,d113edee-bcc0-46fb-9039-30e7418c364a
12304_0,f003c3cb-f20f-41ea-adde-efbb3f78590f
12456_0,67198e5f-163c-4469-b30e-28726fcf0b3e
12767_1,6a5667af-14a2-4770-a837-cc9ce6f8cb5b
12192_0,adb3cfd9-55fa-44f3-af26-e0217fc84cca
12178_0,9ee13c24-de59-4f34-939e-ac797b09953a
12188_0,36c02820-1549-4b57-af50-b534194ea9eb
12319_0,7cd248e4-0398-4d2f-a18f-f318ab51d1a4
12226_1,a6e909c0-b0f2-4ee6-9537-bd10c10fb808
12694_0,d4e5144d-261c-4476-bdd8-3765bc78745c
12293_1,271a0a88-c36d-49d1-8028-f68e3bfdce2b
12880_2,353d2cd1-4e94-4e91-9a6d-cf320049ca66
12677_1,b110e03c-aa26-486e-841c-21ae34a90840
12202_1,365712b8-6e37-4a12-af6e-5a96b428b26e
13199_1,46df6745-5bf1-401f-9d3b-986076700f81
12291_0,cd0e4dce-5f88-4bab-bda6-d7ea91657bc2
12051_0,ebb50165-7c77-4cb2-b8c0-074af0c1a124
12205_1,9d4d29c8-070d-4ef2-9d0f-3982de1ca6a5
12533_0,ff4614c8-a5c3-4c2e-a119-8ff8d93a3d18
12479_2,83762127-5e07-4387-9e2c-839d0870cc7d
12282_0,48286b06-08bf-40a5-938f-24d442765e4d
12237_i,f50d2fc6-7c21-4639-aeac-3020377847b6
11595_1,c7774541-113a-4a1d-a1ca-acbcd997f2f0
12230_2,3e358a79-6e9c-4120-ad13-6e881db38086
12581_0,2c974fc2-3f50-4194-87b6-4bfda00fdb00
12605_0,45d48289-d930-4668-a3a2-4b597284837e
12377_1,836e0785-888a-41f0-9f16-b58e289f2285
12127_0,0dca8be0-0b2d-4ff6-b527-99df526d07bd
12055_2,ea836953-86be-4357-8122-c33d0c24442e
13630_0,b4da10c5-106a-42ba-9ab4-63d13ea0d15e
12331_0,5d8e26f1-f2da-487d-83c6-6ae440adfad9
13091_9,18d51392-ed69-4ecb-b7a1-92c583f2c93a
12258_0,42da6eb9-34af-4bd5-ba35-32a5b34013a7
14003_1,acc435d3-58c6-43de-aa08-855d0956cd9e
11286_1,875fc471-8891-485a-a20c-ccf27b2db7c7
12346_i,c96d741a-2afb-44ce-bcf7-c5ff3c0cadae
12349_0,e9313d27-e3df-4a67-a338-90c7a40fe16c
12913_0,3090ec87-d4fc-47e9-8425-2bd9dacd5260
12328_1,21377732-c2ff-4ecf-8dd6-ec3896c6504f
12461_0,5304e9c2-60b1-4fb6-a92d-6e1b9a4009b6
12940_0,96f95e8b-71f4-450d-8971-6f3c701b2274
11905_0,f96ad60a-4a67-4478-bd19-3ca240d274e5
12588_1,f003c3cb-f20f-41ea-adde-efbb3f78590f
12592_4,c147c85f-da86-4297-8673-e3c4b061a0aa
12744_1,53ad03ed-6913-40d5-ae56-4e40fa9bff6b
12598_0,eb5ac095-09ac-45ce-afb8-e04c5102c36d
12942_1,76902f96-5343-4c08-acf5-40e5b234f2a7
12929_1,a95ed1ac-8f97-4039-b1b8-52d1b391bd4b
12674_1,91b3e639-e753-49ea-9838-53176335d3ae
12441_1,69a09db7-7f73-40ff-a269-471aff853fbf
13881_0,b113724c-2cbf-474e-b3c2-b460d9158f5b
11721_3,e79053a7-74e3-407d-b930-ccd9d87fa622
12454_2,a95ed1ac-8f97-4039-b1b8-52d1b391bd4b
12855_2,3959ea1f-c6f6-4acf-823d-e79764014ff3
12147_0,5ede503c-273c-4456-8e52-cc28e356389e
12162_0,cf8c2512-fa3e-4c0b-9825-09af31a86f5d
12504_1,84cbd81e-4c19-414b-a631-7646c72d69a7
12614_0,e05625a3-ce30-4e94-b92e-d9a28a55bb0d
12540_2,75b3186d-d17b-4aab-95a6-ee03c32897d1
11984_4,ad8d9913-8b33-491a-ac77-692c0fee612c
13872_0,932ece36-e046-440c-a411-410555122530
11440_9,e9f8b3fd-c288-4480-a2dc-621eb06af378
12606_0,1a6f63fe-d74c-49f6-8e8c-b0959d516aae
11037_2,4680c3e0-82c4-4a9c-a073-c18d71da1a61
12705_0,d01c647b-101d-4aa2-91bc-fbf77922147a
12557_0,ea9c12e7-47e3-4922-9a79-f23ed699cfee
14441_1,ea9c12e7-47e3-4922-9a79-f23ed699cfee
13375_0,836e0785-888a-41f0-9f16-b58e289f2285
13859_0,79347cc9-70a1-4ed4-bc93-66b549c1638e
12619_0,0fb0e06a-7fd6-47ab-a011-fa532662b157
12791_1,b2b1b474-c1cb-4b35-8e16-e6ef883ba456
12510_0,dc96ef93-7edb-499e-b074-abe03b45da64
12532_0,a2ff3dc4-19fc-438b-940f-aeae1d0d0b86
12546_0,1dee38b0-ec7d-4b4c-8ec9-336f01801264
12508_0,2e679c7a-c725-411a-92a1-bb37d6b63377
13675_0,85475288-8bc1-4c9a-b028-1d88f45faf49
14119_0,3052a3eb-ca83-435d-9870-6986a62c1421
12620_2,202cd1ad-ff05-4b31-a151-2284aab26bf5
11930_2,8eba0780-2b31-41f7-83d2-1f68e167afb7
12612_0,d288222d-1123-450c-97b2-2a6840a4fce3
13529_0,7999dcdb-e563-4e02-b6fe-2379ffd6d46b
12915_0,75926ed6-fbb8-426a-83a9-82ce02b87202
12589_0,6c1a2ea3-8661-4c02-aed2-eb2782f288a9
12676_0,2c08e4d4-68ea-4c47-ae51-9d8854cd0784
12580_0,d5f7425e-5c23-421d-9c80-5719df9606d7
12760_2,1108da25-b2bf-445c-aa85-75d3ac110b3f
11816_2,dd852634-b2a8-49f2-b465-0ddcbc78c624
12820_0,024984e0-779a-4206-be07-9cd3c3260307
12194_0,44c6f433-8250-482d-b834-44b8d8ef0f89
13681_0,236d9790-07b7-4d9a-bbae-fd6f11c4248f
12286_3,7e778467-1e84-4325-b7ed-ae27ec44bbe6
12703_0,46285bae-45c9-48ae-912b-932b32ab53b2
12138_1,840d7463-6c0c-4ae7-b772-54a65e42f1aa
13056_11,7cbfec1a-e690-41d9-832f-c7bb9cc02bcd
12957_0,598d314f-026c-4714-8ffa-79482a5ddcf0
12707_0,6cc2d79c-f46c-47ed-9e9b-ff13601a7ce6
13087_0,a95ed1ac-8f97-4039-b1b8-52d1b391bd4b
13905_1,503193c6-72ae-425d-983d-7c16dfe0ac0a
12653_4,bb0b6a19-4873-45a5-b251-be872ae1bd04
12697_5,a8279c93-c959-441e-be64-ee67ffe5fbef
13229_6,58493718-024b-4172-8397-8ab6a9ec9b01
12340_0,2275e28a-bddb-475f-9fed-0dbfabbcd4a5
13200_0,3a4e0196-09fe-4741-a05d-35fcfa95e644
13263_0,8e76f9e0-748c-4d4c-9ad7-731fb481ab52
12646_0,42541847-104e-4d02-ba62-04267f7d6631
12603_0,53ef2a32-300e-4043-8d2b-a6d3cc85cc00
12667_0,67b0da2f-44bc-4560-b3c8-eaa87cbecd59
12630_0,0e614166-63a6-4b71-ad46-354a8a3e9ba7
13504_0,d3ff3d12-f384-475d-836d-9a1a5d636d30
12659_0,a653a302-a060-439c-8e3c-9f1621ba5c46
13162_0,2f368fd6-e90d-4d9e-ba46-ae2a6e0a2b53
12926_0,936c909f-f38d-4160-ab57-1629e5b08cc2
12812_0,20cf7b5c-1df0-4794-b697-cf53a0451fcf
13301_0,1999b8c8-8045-4db8-b1c0-e00045777d3a
12762_0,67198e5f-163c-4469-b30e-28726fcf0b3e
12767_2,6a5667af-14a2-4770-a837-cc9ce6f8cb5b
13742_0,9ee13c24-de59-4f34-939e-ac797b09953a
13042_0,36c02820-1549-4b57-af50-b534194ea9eb
13160_0,7cd248e4-0398-4d2f-a18f-f318ab51d1a4
12933_0,a6e909c0-b0f2-4ee6-9537-bd10c10fb808
12694_1,d4e5144d-261c-4476-bdd8-3765bc78745c
13387_0,271a0a88-c36d-49d1-8028-f68e3bfdce2b
12880_3,353d2cd1-4e94-4e91-9a6d-cf320049ca66
12677_2,b110e03c-aa26-486e-841c-21ae34a90840
13199_2,46df6745-5bf1-401f-9d3b-986076700f81
13343_0,cd0e4dce-5f88-4bab-bda6-d7ea91657bc2
13299_0,ebb50165-7c77-4cb2-b8c0-074af0c1a124
12953_0,9d4d29c8-070d-4ef2-9d0f-3982de1ca6a5
12650_0,ff4614c8-a5c3-4c2e-a119-8ff8d93a3d18
12487_0,83762127-5e07-4387-9e2c-839d0870cc7d
12505_0,48286b06-08bf-40a5-938f-24d442765e4d
12903_0,7a09db38-9dcf-4a7f-87c8-f1322153072f
13002_0,3e358a79-6e9c-4120-ad13-6e881db38086
13134_0,2c974fc2-3f50-4194-87b6-4bfda00fdb00
12998_0,836e0785-888a-41f0-9f16-b58e289f2285
12829_0,0dca8be0-0b2d-4ff6-b527-99df526d07bd
12861_i,7c0bb1b9-781e-4c9c-9744-7e5861147ebf
13630_1,b4da10c5-106a-42ba-9ab4-63d13ea0d15e
12881_0,5d8e26f1-f2da-487d-83c6-6ae440adfad9
13091_10,18d51392-ed69-4ecb-b7a1-92c583f2c93a
13550_0,42da6eb9-34af-4bd5-ba35-32a5b34013a7
14003_2,acc435d3-58c6-43de-aa08-855d0956cd9e
13280_0,20194250-9a62-47df-ace4-8971d057a6ae
12501_0,c96d741a-2afb-44ce-bcf7-c5ff3c0cadae
12897_i,3bcd6699-5cc6-478e-b52c-3f1223954374
13230_0,e9313d27-e3df-4a67-a338-90c7a40fe16c
12901_i,a0ad3fd4-b78e-44bd-91b5-a9d0d46ab09e
12913_1,3090ec87-d4fc-47e9-8425-2bd9dacd5260
12732_0,dfe1c3ba-5b20-4f52-bd60-f14c645672a8
12940_1,96f95e8b-71f4-450d-8971-6f3c701b2274
11905_1,f96ad60a-4a67-4478-bd19-3ca240d274e5
13098_0,4d42f9c7-6ef8-4161-b873-15524238d2e8
13735_0,7185dc93-08f3-4c62-97e5-135a4333c67b
13184_0,eb5ac095-09ac-45ce-afb8-e04c5102c36d
12942_2,76902f96-5343-4c08-acf5-40e5b234f2a7
12929_2,e417ce53-4451-437e-a85e-1ed7637e76b3
12674_2,91b3e639-e753-49ea-9838-53176335d3ae
13881_1,b113724c-2cbf-474e-b3c2-b460d9158f5b
12753_0,e79053a7-74e3-407d-b930-ccd9d87fa622
12975_0,3959ea1f-c6f6-4acf-823d-e79764014ff3
13344_0,5ede503c-273c-4456-8e52-cc28e356389e
13077_0,e05625a3-ce30-4e94-b92e-d9a28a55bb0d
13747_0,ad8d9913-8b33-491a-ac77-692c0fee612c
13872_1,932ece36-e046-440c-a411-410555122530
13658_0,7ae7fd00-ce1c-491f-9301-9eebac3e09b7
12885_0,1a6f63fe-d74c-49f6-8e8c-b0959d516aae
13638_0,4680c3e0-82c4-4a9c-a073-c18d71da1a61
12705_1,d01c647b-101d-4aa2-91bc-fbf77922147a
13349_0,56dca5fb-b28d-462a-8dce-14156d0afefa
14441_2,ea9c12e7-47e3-4922-9a79-f23ed699cfee
13375_1,836e0785-888a-41f0-9f16-b58e289f2285
13859_1,79347cc9-70a1-4ed4-bc93-66b549c1638e
12791_2,b2b1b474-c1cb-4b35-8e16-e6ef883ba456
12948_0,dc96ef93-7edb-499e-b074-abe03b45da64
13334_0,a2ff3dc4-19fc-438b-940f-aeae1d0d0b86
14585_0,acaab137-231e-49d4-bf1e-d2c0f0155c5e
13290_0,2e679c7a-c725-411a-92a1-bb37d6b63377
13675_1,85475288-8bc1-4c9a-b028-1d88f45faf49
14119_1,3052a3eb-ca83-435d-9870-6986a62c1421
13689_0,202cd1ad-ff05-4b31-a151-2284aab26bf5
12781_0,8eba0780-2b31-41f7-83d2-1f68e167afb7
13314_0,d288222d-1123-450c-97b2-2a6840a4fce3
13529_1,7999dcdb-e563-4e02-b6fe-2379ffd6d46b
14306_0,75926ed6-fbb8-426a-83a9-82ce02b87202
13220_0,6c1a2ea3-8661-4c02-aed2-eb2782f288a9
13666_0,21fe8094-c73a-416a-a197-34956277e8f2
14227_0,b203e63d-3212-4576-aadf-bab37b237db0
11816_3,dd852634-b2a8-49f2-b465-0ddcbc78c624
12820_1,024984e0-779a-4206-be07-9cd3c3260307
13681_1,236d9790-07b7-4d9a-bbae-fd6f11c4248f
12678_0,7e778467-1e84-4325-b7ed-ae27ec44bbe6
14133_0,840d7463-6c0c-4ae7-b772-54a65e42f1aa
13158_0,579f969e-a537-405c-b8c9-05933dc33056
13100_0,598d314f-026c-4714-8ffa-79482a5ddcf0
13238_0,6cc2d79c-f46c-47ed-9e9b-ff13601a7ce6
13367_0,a95ed1ac-8f97-4039-b1b8-52d1b391bd4b
13905_2,503193c6-72ae-425d-983d-7c16dfe0ac0a
13596_0,0e614166-63a6-4b71-ad46-354a8a3e9ba7
13229_7,58493718-024b-4172-8397-8ab6a9ec9b01
13867_0,2275e28a-bddb-475f-9fed-0dbfabbcd4a5
13211_0,3a4e0196-09fe-4741-a05d-35fcfa95e644
13263_1,8e76f9e0-748c-4d4c-9ad7-731fb481ab52
13256_0,42541847-104e-4d02-ba62-04267f7d6631
13207_0,67b0da2f-44bc-4560-b3c8-eaa87cbecd59
13577_0,0e614166-63a6-4b71-ad46-354a8a3e9ba7
13504_1,d3ff3d12-f384-475d-836d-9a1a5d636d30
14106_0,2f368fd6-e90d-4d9e-ba46-ae2a6e0a2b53
13354_0,936c909f-f38d-4160-ab57-1629e5b08cc2
13816_0,20cf7b5c-1df0-4794-b697-cf53a0451fcf
13301_1,1999b8c8-8045-4db8-b1c0-e00045777d3a
13809_0,67198e5f-163c-4469-b30e-28726fcf0b3e
13740_0,6a5667af-14a2-4770-a837-cc9ce6f8cb5b
13742_1,9ee13c24-de59-4f34-939e-ac797b09953a
13391_0,7cd248e4-0398-4d2f-a18f-f318ab51d1a4
14023_0,a6e909c0-b0f2-4ee6-9537-bd10c10fb808
13499_0,d4e5144d-261c-4476-bdd8-3765bc78745c
13387_1,271a0a88-c36d-49d1-8028-f68e3bfdce2b
13325_0,028a598d-4f03-400c-ba2f-935eb1c654ff
12677_3,b110e03c-aa26-486e-841c-21ae34a90840
13235_0,46df6745-5bf1-401f-9d3b-986076700f81
13343_1,cd0e4dce-5f88-4bab-bda6-d7ea91657bc2
13299_1,ebb50165-7c77-4cb2-b8c0-074af0c1a124
13890_0,259e9300-8a4d-4ad7-88a5-c4754739c51c
13478_0,83762127-5e07-4387-9e2c-839d0870cc7d
12505_1,48286b06-08bf-40a5-938f-24d442765e4d
13827_0,93e4624a-ef59-4bef-a408-bc626c9a8fcf
14148_0,3e358a79-6e9c-4120-ad13-6e881db38086
13453_0,836e0785-888a-41f0-9f16-b58e289f2285
13629_0,0dca8be0-0b2d-4ff6-b527-99df526d07bd
13549_0,7c0bb1b9-781e-4c9c-9744-7e5861147ebf
13630_2,b4da10c5-106a-42ba-9ab4-63d13ea0d15e
14587_0,18d51392-ed69-4ecb-b7a1-92c583f2c93a
13550_1,42da6eb9-34af-4bd5-ba35-32a5b34013a7
14003_3,acc435d3-58c6-43de-aa08-855d0956cd9e
13702_0,20194250-9a62-47df-ace4-8971d057a6ae
13392_0,c96d741a-2afb-44ce-bcf7-c5ff3c0cadae
13636_0,3bcd6699-5cc6-478e-b52c-3f1223954374
13610_0,e9313d27-e3df-4a67-a338-90c7a40fe16c
13581_0,a0ad3fd4-b78e-44bd-91b5-a9d0d46ab09e
13585_0,3052a3eb-ca83-435d-9870-6986a62c1421
13417_0,015106f1-0668-4b4b-94b9-e62eed0cc93e
13578_0,f96ad60a-4a67-4478-bd19-3ca240d274e5
13993_0,4d42f9c7-6ef8-4161-b873-15524238d2e8
13735_1,7185dc93-08f3-4c62-97e5-135a4333c67b
13686_0,eb5ac095-09ac-45ce-afb8-e04c5102c36d
13881_2,b113724c-2cbf-474e-b3c2-b460d9158f5b
12753_1,e79053a7-74e3-407d-b930-ccd9d87fa622
13344_1,5ede503c-273c-4456-8e52-cc28e356389e
13077_1,e05625a3-ce30-4e94-b92e-d9a28a55bb0d
13747_1,ad8d9913-8b33-491a-ac77-692c0fee612c
13872_2,932ece36-e046-440c-a411-410555122530
13658_1,7ae7fd00-ce1c-491f-9301-9eebac3e09b7
14042_0,1a6f63fe-d74c-49f6-8e8c-b0959d516aae
13638_1,4680c3e0-82c4-4a9c-a073-c18d71da1a61
13695_0,74403f35-bcb9-45ae-9f68-bd8729dcfac8
14441_3,ea9c12e7-47e3-4922-9a79-f23ed699cfee
13375_2,836e0785-888a-41f0-9f16-b58e289f2285
13859_2,79347cc9-70a1-4ed4-bc93-66b549c1638e
14061_0,b2b1b474-c1cb-4b35-8e16-e6ef883ba456
13621_0,49e80f62-6503-4e34-9733-e29e3e2916b8
14585_1,acaab137-231e-49d4-bf1e-d2c0f0155c5e
13593_0,2e679c7a-c725-411a-92a1-bb37d6b63377
13675_2,85475288-8bc1-4c9a-b028-1d88f45faf49
14119_2,3052a3eb-ca83-435d-9870-6986a62c1421
13689_1,202cd1ad-ff05-4b31-a151-2284aab26bf5
13562_0,8eba0780-2b31-41f7-83d2-1f68e167afb7
13696_0,d288222d-1123-450c-97b2-2a6840a4fce3
13652_0,7999dcdb-e563-4e02-b6fe-2379ffd6d46b
14306_1,75926ed6-fbb8-426a-83a9-82ce02b87202
13606_0,6c1a2ea3-8661-4c02-aed2-eb2782f288a9
13666_1,21fe8094-c73a-416a-a197-34956277e8f2
14227_1,b203e63d-3212-4576-aadf-bab37b237db0
13681_2,236d9790-07b7-4d9a-bbae-fd6f11c4248f
13687_0,7e778467-1e84-4325-b7ed-ae27ec44bbe6
14133_1,840d7463-6c0c-4ae7-b772-54a65e42f1aa
13604_0,598d314f-026c-4714-8ffa-79482a5ddcf0
13714_0,5964f307-8a05-4a59-9caa-0a9036b46c23
13905_3,503193c6-72ae-425d-983d-7c16dfe0ac0a
13700_0,0e614166-63a6-4b71-ad46-354a8a3e9ba7
13229_8,58493718-024b-4172-8397-8ab6a9ec9b01
13730_i,49905f75-93f6-4097-a8c3-0687cd1746c9
13867_1,2275e28a-bddb-475f-9fed-0dbfabbcd4a5
14084_0,0042a3cc-6b4a-437e-a1f7-cd4a46f10bbb
13722_0,8e76f9e0-748c-4d4c-9ad7-731fb481ab52
13775_0,42541847-104e-4d02-ba62-04267f7d6631
13207_1,67b0da2f-44bc-4560-b3c8-eaa87cbecd59
14640_0,0e614166-63a6-4b71-ad46-354a8a3e9ba7
14106_1,2f368fd6-e90d-4d9e-ba46-ae2a6e0a2b53
13796_0,0ba2d55b-5c3e-49a0-b75f-4165373cf5de
13816_1,20cf7b5c-1df0-4794-b697-cf53a0451fcf
13719_0,f003c3cb-f20f-41ea-adde-efbb3f78590f
13809_1,67198e5f-163c-4469-b30e-28726fcf0b3e
13847_0,6a5667af-14a2-4770-a837-cc9ce6f8cb5b
14011_0,2c3a859e-0cb0-4ab4-8432-af658dd7c691
14044_0,7cd248e4-0398-4d2f-a18f-f318ab51d1a4
14023_1,a6e909c0-b0f2-4ee6-9537-bd10c10fb808
13965_0,d4e5144d-261c-4476-bdd8-3765bc78745c
14145_0,271a0a88-c36d-49d1-8028-f68e3bfdce2b
13728_0,353d2cd1-4e94-4e91-9a6d-cf320049ca66
13833_0,cd0e4dce-5f88-4bab-bda6-d7ea91657bc2
13830_0,ebb50165-7c77-4cb2-b8c0-074af0c1a124
13890_1,259e9300-8a4d-4ad7-88a5-c4754739c51c
14148_1,3e358a79-6e9c-4120-ad13-6e881db38086
13629_1,0dca8be0-0b2d-4ff6-b527-99df526d07bd
14006_0,7c0bb1b9-781e-4c9c-9744-7e5861147ebf
14587_1,18d51392-ed69-4ecb-b7a1-92c583f2c93a
14017_0,67d0ca8a-2f6c-4e58-8230-1ea081b9f8d7
14003_4,acc435d3-58c6-43de-aa08-855d0956cd9e
14111_0,c96d741a-2afb-44ce-bcf7-c5ff3c0cadae
14240_0,3bcd6699-5cc6-478e-b52c-3f1223954374
14075_0,e9313d27-e3df-4a67-a338-90c7a40fe16c
13768_0,a0ad3fd4-b78e-44bd-91b5-a9d0d46ab09e
13585_1,3052a3eb-ca83-435d-9870-6986a62c1421
14348_0,f96ad60a-4a67-4478-bd19-3ca240d274e5
13993_1,4d42f9c7-6ef8-4161-b873-15524238d2e8
14497_0,7185dc93-08f3-4c62-97e5-135a4333c67b
13686_1,eb5ac095-09ac-45ce-afb8-e04c5102c36d
14105_i,d3f3d09c-7db5-42ef-a4fc-fc5202784482
13077_2,e05625a3-ce30-4e94-b92e-d9a28a55bb0d
13872_3,932ece36-e046-440c-a411-410555122530
13638_2,4680c3e0-82c4-4a9c-a073-c18d71da1a61
14578_0,56dca5fb-b28d-462a-8dce-14156d0afefa
14441_4,ea9c12e7-47e3-4922-9a79-f23ed699cfee
14359_0,79347cc9-70a1-4ed4-bc93-66b549c1638e
14850_0,f76873e4-5bf6-4a84-a5ff-43ccfd34e605
14585_2,acaab137-231e-49d4-bf1e-d2c0f0155c5e
13870_0,85475288-8bc1-4c9a-b028-1d88f45faf49
14125_0,3052a3eb-ca83-435d-9870-6986a62c1421
14521_0,d288222d-1123-450c-97b2-2a6840a4fce3
14294_0,7999dcdb-e563-4e02-b6fe-2379ffd6d46b
14306_2,75926ed6-fbb8-426a-83a9-82ce02b87202
14259_0,d5f7425e-5c23-421d-9c80-5719df9606d7
14227_2,b203e63d-3212-4576-aadf-bab37b237db0
14451_0,f3f4e0c0-a164-48bf-859c-9a21c1e550b2
14133_2,840d7463-6c0c-4ae7-b772-54a65e42f1aa
14283_0,503193c6-72ae-425d-983d-7c16dfe0ac0a
14692_0,0e614166-63a6-4b71-ad46-354a8a3e9ba7
14487_0,895e597a-1d9e-490a-a0be-8193832344fe
14271_0,42541847-104e-4d02-ba62-04267f7d6631
14640_1,0e614166-63a6-4b71-ad46-354a8a3e9ba7
14620_0,0ba2d55b-5c3e-49a0-b75f-4165373cf5de
14470_0,67198e5f-163c-4469-b30e-28726fcf0b3e
14438_i,ea5d5f70-eb13-48ed-8c4a-a5b77c86262a
14011_1,2c3a859e-0cb0-4ab4-8432-af658dd7c691
14608_0,7cd248e4-0398-4d2f-a18f-f318ab51d1a4
14023_2,a6e909c0-b0f2-4ee6-9537-bd10c10fb808
14321_0,d4e5144d-261c-4476-bdd8-3765bc78745c
14358_0,271a0a88-c36d-49d1-8028-f68e3bfdce2b
13890_2,259e9300-8a4d-4ad7-88a5-c4754739c51c
14768_0,0dca8be0-0b2d-4ff6-b527-99df526d07bd
14616_0,7c0bb1b9-781e-4c9c-9744-7e5861147ebf
14593_0,18d51392-ed69-4ecb-b7a1-92c583f2c93a
14813_0,acc435d3-58c6-43de-aa08-855d0956cd9e
14518_0,c96d741a-2afb-44ce-bcf7-c5ff3c0cadae
14553_0,3bcd6699-5cc6-478e-b52c-3f1223954374
14638_0,3052a3eb-ca83-435d-9870-6986a62c1421
14599_0,f96ad60a-4a67-4478-bd19-3ca240d274e5
14731_0,6342fccb-404c-4fa2-82a0-13726f28bae7
14613_0,e05625a3-ce30-4e94-b92e-d9a28a55bb0d
14838_0,4680c3e0-82c4-4a9c-a073-c18d71da1a61
14923_0,56dca5fb-b28d-462a-8dce-14156d0afefa
14850_1,f76873e4-5bf6-4a84-a5ff-43ccfd34e605
