assigned_id,nb_assigned_ids,nb_fingerprints,ownership,id_ownership
ec431d4d-126b-415c-a992-3fa7cbf20c47,1,9,1.000000,5e5bd954-ae5a-4f7d-a16b-85bc7f3203e5
9a4fc457-e3d2-4023-9410-95af339618f6,1,33,1.000000,adf5227c-74ef-49bf-b9fc-2fb8cf302732
d3e6da25-2448-4852-84d3-d822497bb0fd,1,26,1.000000,6c1f708c-f3e9-4d9e-a0ae-311ba42c139a
0a0e65cd-3d55-4810-b157-893092b44917,1,6,1.000000,15f3a523-0299-4249-8ccc-fee0b320040f
67c46c24-c5e3-4624-ab78-4f97bfef1c68,1,5,1.000000,be47e9a1-0600-40bc-8360-0fc2c99c4ca2
1c17fb18-60ea-49b0-bc91-b2fb37d0594d,1,12,1.000000,d7969eaf-cd67-4ac5-b060-393d864f8525
0166cebe-5d5d-474c-8b2a-8eaf96c407a7,1,12,1.000000,8e72a8bd-ae9b-460b-9573-aba4b21efb12
b2774779-9cb9-417a-a909-67587145cbd9,1,6,1.000000,9b9c8be4-8e25-413a-8928-7da271e119ca
82e26bdd-ceea-4a41-ac17-1a2febe2867b,1,12,1.000000,a1e159d8-57d0-47b8-9d45-24df63d3595a
60cc121b-f2d6-4877-86ef-cce9fa07a77a,1,15,1.000000,2dd5f116-f355-4d81-9790-cb050463be55
21b967a5-b88a-4681-a2a0-478fa2de1af4,1,1,1.000000,5f35250a-d81e-41b2-9564-ff94a61cfa88
45dfd892-288a-440b-ad5b-0fd15125b7a2,1,11,1.000000,d4be492d-c9ee-46a0-b1ab-076386b61b85
c923ab30-8454-4885-ac21-75db86306334,1,3,1.000000,7e2037cd-4943-4935-a393-43fc5c390c87
a1fdbb3b-ae2c-4f82-862d-9e8083593fc2,1,15,1.000000,15c7af42-87ad-4bc8-92fa-52ae8f2040fa
76d3955e-6998-4e98-83ca-6b3c3b5bc6d2,1,7,1.000000,c28aa37d-571e-4b43-bf01-aa14eeb765e7
7fae3ce9-5941-488f-8393-7abe497d7abd,3,22,0.909091,5d6b65a6-6a87-4085-900c-575ab429c359
1f524fcf-21f9-410f-ae37-47f23b18d498,1,19,1.000000,6ac4be27-6951-4110-953b-42994ca04dfc
3efff495-de4b-45c9-b597-c3e2cee839fe,2,25,0.960000,2847c646-a1c3-45b5-815f-46681e3db9c1
a0274a4c-b5a7-4c3d-8e2b-ab08b67ed746,1,31,1.000000,30f64336-9100-4dbf-b67b-4a2096a38da9
646e8900-011a-4734-86e8-4c7e9875087a,1,8,1.000000,e4ab94f4-8c05-4815-afbf-3470cfa23a6a
6872b6c3-422e-42a6-a07d-6ee4c15c19ff,1,8,1.000000,bc89da45-e92d-43b3-82e6-e4633ecdb0db
255b0c8c-427c-4d76-af5c-242f94f5c731,1,18,1.000000,5c2dcee3-4c6f-4ac5-bebf-393949ab845c
a9ec418e-2f4e-4768-a4cb-4ae18af7195c,1,6,1.000000,c33e02f8-4665-4d6c-8781-4a5c991889da
e2fe76c9-e8b7-44eb-9494-046915ff8edc,2,20,0.950000,b598bd23-8da8-4ecf-8ed7-f22321137698
cb897c04-75e7-47f5-8cbe-8db613770585,1,18,1.000000,f6f0f4cc-1446-4e9b-8217-0e87c459d01d
e447f348-5798-4321-8eae-0d7cec99dec3,2,18,0.500000,49fcf025-22ca-4e4b-85b8-278b855e63b7
cd14f531-66a9-401f-b730-a5914c9e1a38,1,9,1.000000,c1579949-3fb1-4a2a-8a10-4bcba6e0cab7
b82e5e69-561c-499f-8cdd-c1b1de91f1f2,2,47,0.829787,c17f5405-360e-43d7-9b50-bccf6faf2207
6d5ce395-2216-4251-8e1f-42e959ae3003,1,20,1.000000,08a984f9-9503-41c3-95a9-001f60ccc981
afbc5f27-b707-4bfd-ad98-23e0b65f1cc9,1,26,1.000000,3284e414-8b55-431b-996f-5e5cf9e96ed9
4d22bf25-48dd-48f0-8c18-702f2285c3d4,2,22,0.681818,5771f07a-575e-4004-a3a5-db3ee44bb1b0
5ecf98c8-6528-4d9a-a3fa-a6e50869f4c8,1,37,1.000000,4f2ed62c-2a18-4888-86c1-aa01ba21b64f
4a5d181b-e45a-4955-b390-2ba6c9d4dfab,3,55,0.636364,31fa27b8-6c4d-47b2-8566-b4af4d9ca9e8
8743da35-f4e3-402b-bde8-2eaf36b4dd01,1,12,1.000000,519e56e4-9bbe-493d-9a82-70f9d8dc5c69
5db1f79f-e72d-45d3-85d7-8e1e854e2897,1,25,1.000000,9a750eec-46c2-4720-b481-a0d6f03af47b
50cea7b4-c95b-4949-b763-0fa50daed97c,3,29,0.344828,6ba68ba3-3aee-4198-9e5e-f659b55375bd
8025aabc-0abf-42fb-9e4f-27e4c167acea,1,4,1.000000,5e1920ed-d676-4151-a8ff-1153e7b7561f
1659949a-3aa1-422b-ac36-8de0efa37a7d,1,31,1.000000,618b27ad-6280-4709-8245-2f34c8e13f53
004e6031-7f10-4ced-a6a9-f478b2761ee1,1,1,1.000000,667dd617-b20d-4e76-bbd8-c70e206668c5
83ea07a1-9320-424d-a96f-f4b9aac2cf86,1,2,1.000000,c7b87666-56b8-4851-ad87-0ba40803d992
87f473d4-ce17-4be5-bb16-c9f4a45ff741,1,10,1.000000,d7969eaf-cd67-4ac5-b060-393d864f8525
ace50124-eda4-4e60-b98b-0731cc48af72,1,11,1.000000,e00872da-35ca-4faf-98f0-3eacdc654102
86ed3f6e-ffa5-4785-8d14-0aa7d10c1561,1,1,1.000000,23adb02f-8cae-4303-bbd5-f125e974560d
2382ed1e-49ea-49cb-b632-910ea8236e31,1,3,1.000000,94560f9c-6b13-4732-ac39-78f6d48a8133
e6cc77a1-a565-4765-9133-3d676966777a,1,11,1.000000,686a875f-c72b-4803-b21d-8a7401fe132a
a73d3e4c-79c0-43cc-a85e-5b9f75a15dc4,1,16,1.000000,71c102e5-a364-450a-b233-6c5e2976b9d1
e18bbd6d-9925-4c17-8827-09b2766db5f7,1,4,1.000000,644cc752-3d2b-4bc8-8521-9c913e09170f
6378c110-d516-4e39-9ddf-c483afe4c3e5,1,20,1.000000,2c383b80-2256-4ece-81d4-c81290a10a14
96646464-dd02-40cc-9dfd-2db9f61a4672,1,26,1.000000,fff9db58-c20e-4f2c-b07d-9937b70a1273
ac39cc7d-b259-4fdb-9816-bf10ab5d1551,2,68,0.573529,39107c52-98c9-4a75-b505-271294fac465
81f9ea4a-6168-43b8-8279-473e2136819e,1,11,1.000000,1bc74fba-d84b-4bcc-9386-cb329e96d9e3
c5c57fb0-4643-4737-a48a-280eb8777e09,1,19,1.000000,039c70da-6930-47d6-bdfd-f1d429ade760
f5aaa208-a946-49db-b0b3-274e257ac945,1,24,1.000000,91675abf-4d79-497f-8fa5-224ae0472254
d28b8560-f11d-4e7c-970f-e3f9d064c7cf,1,9,1.000000,b2adc949-f710-48f8-8159-5533f440730d
9efa4940-ccb4-4cad-a710-f71c25071f03,1,28,1.000000,2f38656b-76d5-4b46-a81d-c90b96495673
bd53fd2d-7a02-4626-9795-520fec0bf2fe,1,14,1.000000,36027d15-9fa5-4ada-bf4b-ed5b5daa5587
fb0c5c8c-e0cb-4643-b0e4-06ef5d6b7d4c,1,21,1.000000,1a2a7fa6-a936-4e87-a513-50ea19f0483e
50ca30c4-ad45-452f-8f41-5bddb0fca714,1,1,1.000000,17b06456-e7d7-47f8-adb8-f259fb98dcc9
4696e91e-eeb0-4fb2-b841-b55961598d61,1,15,1.000000,17b99863-8bfd-492d-8451-374fd7cde36c
f6f8a7c7-cb96-44cd-9dcd-60048b8d8846,1,2,1.000000,e0d3387e-cac6-41e5-b9f5-963818301cf3
f37eeedc-9992-4de9-9596-8ce5ee7a1e35,1,6,1.000000,ee629236-d81f-4548-822a-11f979d7f013
7bbc65aa-19cf-4a1b-b971-4595980bae57,1,5,1.000000,92ef2ca8-10c2-4b32-a999-3af1b85502c7
9dcdb6cc-e90b-42b0-bf76-a2c34bcfb7d4,1,1,1.000000,2657b615-04b0-4c11-8343-1245c9c07676
ccbb17c2-98b7-4064-acb2-905a83b56513,1,7,1.000000,299be603-a667-4e4b-9287-3e88c441d26c
70cbee63-e955-4ede-8962-fedc27934ef3,1,33,1.000000,5e3d6bde-1451-4103-89a6-c67d81f63ed6
b1257c30-2dcc-415c-abb5-a731902aa10e,1,2,1.000000,6703acf0-f2c1-4b80-a158-fbbe091d3948
f87e4839-c9b9-4c29-a1de-a21a44d7816d,1,16,1.000000,17b99863-8bfd-492d-8451-374fd7cde36c
e0db0860-8297-450d-982e-3fa29b05786a,1,36,1.000000,b811ccd0-a9ef-40ef-8326-d8efbf85e50f
6a369551-32e6-4e4d-9c53-0e21bc6791ff,1,25,1.000000,2f843830-e489-45c6-a140-48ef168f7d3e
b36cc30a-8b85-41a5-8765-0c4bd20b8df4,1,13,1.000000,94560f9c-6b13-4732-ac39-78f6d48a8133
7dffe520-41a6-4adc-9b08-02e5db9461e6,1,15,1.000000,8537fdf9-7619-499b-b288-a3cfa1ee546f
a3a1c6c5-7868-490a-ae82-5238760c240f,1,12,1.000000,5a772c33-5555-4594-83d5-0410a67adc71
725945a7-ff97-47cb-8f1e-0700e47dd883,1,17,1.000000,5f118823-51ee-47bb-859f-1316523af0ed
20c48838-52cf-48e9-9ba3-88cb8450cc20,1,40,1.000000,bc19c32d-a271-4dd7-b5e6-62d36d1a3128
366d8819-eef2-4012-a653-4a6282feccb4,1,23,1.000000,dca7d97b-a46b-482b-b513-4c3ef1fa7dbf
ce573d34-7e45-4b7b-b6e5-2f78c4b32f44,1,26,1.000000,efca79c2-0b12-4ce7-a28f-68ad9193990d
9589ff75-270b-4451-a466-588df867f17d,1,2,1.000000,75f1c4e9-4841-4159-a021-44ff5c150d37
3eeac1c4-47aa-434d-a29a-79556b259a93,1,24,1.000000,1f84d45e-8689-42bf-9ad5-0f9c8753fbde
670f43d8-3900-43e8-96a3-9890a21b15a6,1,22,1.000000,9a8ce184-8911-4e32-be51-261497e0d919
5d652bba-90fd-4d30-b08c-7434b850c93d,1,11,1.000000,7d7d8bee-c73e-4544-a78c-2d4e29f75749
dca07d33-d6ab-45e9-8004-836cfee9a0ed,1,2,1.000000,a1e159d8-57d0-47b8-9d45-24df63d3595a
a992adff-7b7a-45ba-b09e-c69fb34828b2,1,5,1.000000,169a37aa-17e8-4998-adea-e8e08e08013f
383c0fa0-5bd5-4f74-8b98-93c2f0c7f845,1,35,1.000000,f1f761d6-552f-4f35-be9e-b094d7b78160
f133664a-7d06-449e-bd92-fd1539d77d7e,1,21,1.000000,b2adc949-f710-48f8-8159-5533f440730d
1259a681-a367-4ded-98df-29e7df2505d7,1,14,1.000000,71bc06fd-068a-4dd5-8c8b-4c7b2e3ff17e
5ae125f0-99f1-494e-ac31-dd1119c1e4d5,1,13,1.000000,4d49cfb2-841d-4a04-81cb-7d1b39a507b4
adea41a4-3c10-4cfc-ba65-fafe3123ac27,2,18,0.666667,ece552c2-b04a-49f3-a01f-244ea2be828f
c6a99503-2280-423a-bc18-240a20f90db3,1,5,1.000000,340b7157-11e5-4463-a088-59ca98df39cd
e827d3e7-13c3-4cfa-aa7a-04bfc16688f4,1,3,1.000000,6703acf0-f2c1-4b80-a158-fbbe091d3948
7b4fb6b3-e30e-4932-a1c7-6a34466eb7f9,1,3,1.000000,1f84d45e-8689-42bf-9ad5-0f9c8753fbde
11421575-eb08-41fb-8ce2-8037f3a3396d,1,11,1.000000,5f118823-51ee-47bb-859f-1316523af0ed
f62a86be-b421-44b1-8dd2-0c54afc7697e,1,1,1.000000,be62454c-9208-4099-9ed2-02aa2de09509
d735b114-3035-4248-95e3-700e10df1d09,1,5,1.000000,686a875f-c72b-4803-b21d-8a7401fe132a
a7e46cd7-ae88-497f-988b-665cf0ea4b80,1,1,1.000000,2f843830-e489-45c6-a140-48ef168f7d3e
76ff58e6-d3a7-4f20-b215-0debbe0c87be,1,1,1.000000,ac7c0dae-6fe3-48e3-97b7-ab62571a0eb1
1fe6b4c9-3be4-4e3e-b33c-45dfb7fd7670,2,20,0.850000,48a3cfba-dcdc-4833-886c-5cc284e12343
83c3cc7d-a623-4291-9b6c-4e5d2ffc0261,1,2,1.000000,da1a2d7f-932d-4a30-b182-c07ecc3443ac
0dbe450f-301f-48bd-af95-9ce040f307df,1,6,1.000000,a5f01fef-bcda-49d6-b726-2fe0d7a4e928
a66108c6-f044-40ae-b1c7-72175cf6083e,1,3,1.000000,06b6d1b3-dda3-4743-96f5-a45079ab6996
2012169d-8e09-4638-be54-3916e7e65ad4,1,7,1.000000,c28aa37d-571e-4b43-bf01-aa14eeb765e7
03f7608b-9797-4d24-b77d-55c3e30fd536,1,1,1.000000,a4b7e876-b24c-4888-85f9-62bcb8a9d776
a80dd07c-3f60-4e86-adfb-b4539688e512,1,9,1.000000,039c70da-6930-47d6-bdfd-f1d429ade760
db14bbde-9a0d-4230-b4c9-bc374b7759b8,1,18,1.000000,941cbc5b-b82c-4e79-98d7-87808e8819b9
cd3f44a5-0cb7-4a65-8a6b-ad8ea4c24d20,1,9,1.000000,06bae8fb-0776-4dad-ab94-34d99d38f70b
b77dc2bd-272c-4865-bb2d-a77b7af7afcc,1,23,1.000000,c28aa37d-571e-4b43-bf01-aa14eeb765e7
ececa18e-7cf8-4426-aef1-5dd38e05e9e5,1,23,1.000000,bb4fc561-441d-4dc9-b9b0-9248820ad968
e262808a-8f54-4469-b738-a7d83fb05fd1,1,9,1.000000,a7b146b8-7a3c-4fdc-b0cd-416fa5b618c7
ccfcfe0a-abd4-471f-9f43-14b1512f0a04,1,11,1.000000,7e2037cd-4943-4935-a393-43fc5c390c87
0727398f-2ed9-459c-8d5b-1acb84f08e54,1,8,1.000000,5f993501-e331-41f8-88ef-8789acff3d7f
9dfab1e7-21a1-4eb5-8a34-1de6f6db3fc4,1,5,1.000000,8a0fe7de-deff-4ffa-acbf-192cb2d37b39
418ffa0b-e160-4319-9b77-fad6a92ce7a6,1,7,1.000000,7f683754-6c34-4de6-b54f-367de9daf770
14db12a5-be00-4081-80d2-3096ef8ced25,1,18,1.000000,15f3a523-0299-4249-8ccc-fee0b320040f
3cf3d4b9-9212-471a-8721-a17335c92808,1,12,1.000000,2bef0281-b2d9-41ac-967c-45835e5ba8c0
a16dbf8d-7859-4e04-acd6-f6b5c8d49b10,1,7,1.000000,7e2037cd-4943-4935-a393-43fc5c390c87
bef8074f-aa82-419d-91a9-7ebe5017543b,1,10,1.000000,505a6b31-fc4e-421d-9a42-4882535d0da2
544cd88c-4b0f-43ec-b9ee-259f3f4d4389,1,14,1.000000,ae58f689-c66b-4ec7-8bea-c1ef1490288a
68e36fc6-0f32-45d4-a5d9-749d7e3fc182,1,18,1.000000,1bc74fba-d84b-4bcc-9386-cb329e96d9e3
4f900f99-7b4c-4188-8fb3-900ed5369af3,1,1,1.000000,d4be492d-c9ee-46a0-b1ab-076386b61b85
763682e0-fe57-407c-be50-da530023918f,1,2,1.000000,7e2037cd-4943-4935-a393-43fc5c390c87
78b61a9c-44d5-4a1d-802d-6c236e259efb,1,1,1.000000,1e4d3af4-cc42-44a9-b716-96fcf81a25a5
02764620-1a49-473c-8e39-3dc169ee58f2,1,2,1.000000,9e3c679e-3548-47db-a84c-2471170dd5f9
ca9b6196-7c22-43d7-8804-46d94572971b,1,15,1.000000,87e53473-180b-4180-830f-6999f612c755
6172d0f0-01a2-4c9b-8b00-eef3714ea5b4,1,6,1.000000,e99b3521-4e62-4230-b899-85c9dbed1921
a32f1bfd-99a3-4957-8b0d-faca658352d5,1,39,1.000000,628a06f1-ca1e-4e6e-9b38-5e23da554b53
9ba651a8-84d7-4c58-a737-7f81e5b2cf6d,2,48,0.750000,142269c1-304f-434d-be4c-cbe566ba1379
65eabafd-6354-4e22-b04b-8f0d66529078,1,23,1.000000,9c862f56-7315-43ed-9922-be53b612c26b
59eab8c1-d2d9-4f20-b917-b3e29eb8beaf,1,39,1.000000,10c196fc-2c76-4e4b-b628-4472949c39c3
fbbcdde4-01d6-4f98-8950-172c74d6f576,1,2,1.000000,ecd9aab5-ddc6-4cf9-97f2-03e3018e6076
b3f34058-903d-4b27-8889-071bd08e4f4b,1,14,1.000000,7fd39831-e264-4ed0-a0b6-8d05bbcbb38c
359a4cd5-8b36-4790-882c-71aa4a7e6299,1,1,1.000000,7e2037cd-4943-4935-a393-43fc5c390c87
caafeff7-5643-47a7-ab95-e88cf7e80b7d,1,2,1.000000,e43b733a-2cf6-41eb-9a50-46282a0c37fa
1c7f89fd-c3c6-4975-af4b-bda04e3f8c15,1,2,1.000000,efca79c2-0b12-4ce7-a28f-68ad9193990d
c4c66140-c631-4927-bf37-d61656a46dbf,2,32,0.906250,f812d842-42ac-4a21-8073-f483c059ca2d
e7f01d58-942f-4610-9e63-691c6ce7e172,1,1,1.000000,c17f5405-360e-43d7-9b50-bccf6faf2207
e299e2b1-0585-49c6-ab92-6c85baabd353,1,20,1.000000,df2d69ac-fbca-4b9e-8df4-d499bb27b403
fbede072-3686-4f01-831f-6ff5327a0e01,1,1,1.000000,1bc74fba-d84b-4bcc-9386-cb329e96d9e3
7ce7d313-8d50-4cee-8d95-35cea8530903,1,6,1.000000,4d49cfb2-841d-4a04-81cb-7d1b39a507b4
d5099cd8-74f9-4bc8-9333-101f8d4cf3be,1,9,1.000000,51e67b1a-ddcd-479b-8d42-f1d1410e814d
f6c5ea74-282b-4fd5-b319-49a4f4f58388,1,10,1.000000,8144d312-23f4-4c5b-b369-7f52ee2900c9
c681b0e8-726b-4288-b439-bd922d995cec,1,27,1.000000,bc89da45-e92d-43b3-82e6-e4633ecdb0db
1f9004af-b548-486c-bd84-d1cb87a858b2,1,7,1.000000,9c862f56-7315-43ed-9922-be53b612c26b
28a68b7c-0c4a-4df0-9fae-fbb4b589e506,2,29,0.862069,105b0c95-40d4-43ed-9328-6cbeb200183c
d173ef71-00ff-480f-ab96-a3ceb29face3,1,18,1.000000,a714a287-37fd-4f34-ad8a-46580b566abe
1dffe72b-ecf8-4bfa-abfd-f1af5bc6f98a,1,2,1.000000,24aa014e-055c-4925-85de-d3541e3d0bef
911e6439-07c4-4c4d-9c0b-a33a5e201a89,1,22,1.000000,823d6947-79a9-472f-8242-e07220bcaa02
610d4986-0cf4-498f-83c4-638e513b1429,1,33,1.000000,0feedf09-ee01-43ea-9489-1b58a00ba227
8627b21d-6b6b-49ac-9442-5e8d9ad89abe,2,34,0.794118,2bef0281-b2d9-41ac-967c-45835e5ba8c0
863d6f05-74a2-4f66-8908-102834370c68,1,17,1.000000,d8d2f244-6fe8-4084-86a0-7a0763b579ce
fa237f67-4562-4382-8949-71cd3afae386,1,23,1.000000,a570d9cd-f8c7-4a04-acd2-701cc226b960
16dfbb31-91b3-4e35-af33-5cb3f5171008,1,10,1.000000,c49c5729-6dda-416a-91d6-3fec37394388
c46779f4-d66b-493f-a1ae-5c4d843c83fe,1,17,1.000000,c15796a9-88e4-406f-bd36-788d0e579acd
09c0f4ac-0a05-4062-b758-a94359fed393,3,47,0.531915,68e7ae29-15ff-402c-adc1-76d5a932c984
a1d78795-5b91-440f-832e-9b8044be1885,1,17,1.000000,5f93621b-e9a9-451b-8d30-165dae1653c2
71bd2ba7-ec3b-46a0-850a-a4a3b054c734,1,11,1.000000,595525a1-8ff1-493d-bdef-74ecb74d182b
d663cbb3-b03c-406c-a6b6-6e842329abdc,1,20,1.000000,299be603-a667-4e4b-9287-3e88c441d26c
d21a3c9d-56d0-40b6-9ac3-bfe72e321775,1,36,1.000000,5ac34c91-a3b4-4a11-a940-a4babf02057f
20cfa9e6-903f-4d0d-bbf5-5998584d1397,1,12,1.000000,7df7a9b0-729a-40ef-9403-c28f90d19453
859fdc43-3fc6-4d23-b996-ca79c3d6b63b,1,3,1.000000,3284e414-8b55-431b-996f-5e5cf9e96ed9
da5140b8-e235-4dc2-9540-d631f707a757,1,18,1.000000,48a3cfba-dcdc-4833-886c-5cc284e12343
fe1bc9c6-f56c-4dd9-b694-95102104c577,1,31,1.000000,1729815c-0eca-4350-ab5c-5ce2c530fcd4
b10944b5-bb78-4549-b160-f938668ef5c1,1,16,1.000000,e7dddb75-ce7a-4c4a-a047-cd3c7c12c4f7
9f75f288-b770-4bca-96e9-5638cd075558,1,24,1.000000,475f6ef0-4e4c-4fdc-b24f-529a349d521e
0da2c6ce-216a-4c34-9829-b9901f1f2c60,2,39,0.717949,f4f25187-82c7-4265-9bf9-71bc8ed1701f
3ebbf76b-05c9-4b73-8847-c73a5235bb24,1,12,1.000000,718eaf95-e9e2-42a2-ba4c-5316b5f45fdf
0dee92b8-efaa-4f3e-9d37-1b786d5bffb0,1,11,1.000000,efca79c2-0b12-4ce7-a28f-68ad9193990d
c6630a31-7118-465f-8331-ed40892efb34,1,17,1.000000,a4869a14-7941-461e-89f4-ea6e19a3866b
c246f3fc-c4e5-43af-ac45-88ca7073b2da,1,15,1.000000,cb8044c4-b13f-45a5-a981-ad46f7a15bd9
e36e5dac-dda2-4657-89ef-0b628baecaaf,1,5,1.000000,71c102e5-a364-450a-b233-6c5e2976b9d1
bf061967-caf2-4e9e-ac6c-7395a8db23d5,1,13,1.000000,0bf501d7-065a-4459-a4aa-29fb7b0e7d69
d4be563e-ce53-4464-bb60-89ab5e381ba5,1,7,1.000000,595525a1-8ff1-493d-bdef-74ecb74d182b
e34954a3-1100-463c-9255-bad6510d61fe,1,3,1.000000,ec0f4dc7-2248-4e94-bafe-6df366348cb8
55842612-f899-4163-8888-7db717b59fad,1,3,1.000000,8758fefb-3ed1-4d64-b75d-b9e3d628eef3
d463417a-b792-41fd-b223-74a22bb32cb1,1,23,1.000000,bb86048e-c4fd-4bc1-8fda-a4fb5b391a14
1e0640ad-5130-4bb9-8ecb-cdc7bce1ce1d,1,4,1.000000,23adb02f-8cae-4303-bbd5-f125e974560d
b7811983-0293-4a4b-970f-2f5296f834ac,1,8,1.000000,c49c5729-6dda-416a-91d6-3fec37394388
8307d029-e841-469f-aa0e-5548f24b36ff,1,33,1.000000,21cbaff6-4d5f-4083-9edf-9523563b74ae
6681232f-c29a-4c35-8051-8feb534eeeea,1,1,1.000000,b34a8c1a-f43f-4635-9799-9891ed21239a
efa28f5b-681b-4a0e-b930-81f1422b703d,1,10,1.000000,7cc462c2-3438-4530-81e0-ef36b8cce783
d2c6845c-4e21-4354-abbb-aff3ab93aaf0,1,1,1.000000,a4b7e876-b24c-4888-85f9-62bcb8a9d776
896d9e79-3e56-4d27-956b-6146386a9616,1,11,1.000000,374b89ae-6635-4710-aa3a-b1628e146d8a
a543f2d1-0dd5-413b-8a1c-e38b4e3d2b9b,1,11,1.000000,639303f6-00f5-4aec-a487-291f27972688
fdbd8ca4-acf3-4398-a716-254006723ef9,1,23,1.000000,70aa3c86-1745-40da-9072-13ac3ed78efd
a1216177-f9ab-4a29-baa3-1eb31247e045,2,14,0.928571,5f993501-e331-41f8-88ef-8789acff3d7f
2418a30a-c55d-412c-abcb-7e91c7978c26,1,11,1.000000,1d39f953-a08e-494e-acf6-e594832b010a
372e3933-4055-4e23-9784-48f9a0281f22,1,13,1.000000,941cbc5b-b82c-4e79-98d7-87808e8819b9
74a403ae-9d97-42b5-be6c-e2ac77b14786,2,6,0.833333,a2969fda-e1ea-4d11-8d21-b5fa826c0666
a47bacc6-3c5f-442d-86bb-e290579f323e,1,3,1.000000,ac7c0dae-6fe3-48e3-97b7-ab62571a0eb1
21c4d739-067a-4d0a-9ccd-321d030cfbb5,1,11,1.000000,b5ffd988-ffeb-4513-b78a-5806be0c7dbf
9055cd2a-6d54-4cac-b39c-a06e417cb97c,1,2,1.000000,23adb02f-8cae-4303-bbd5-f125e974560d
921dbef1-2375-4e4f-b081-e3f14f6d8e84,1,39,1.000000,0062535e-d9ab-4cb0-ae8f-79133b440129
b1ef7168-c1d1-4e24-bde3-5b3c1126d54f,1,13,1.000000,22d63a23-9d58-4c8c-b5fc-433ef6baa9fb
dadfafd1-9420-411a-8716-334cb93d8e4d,1,37,1.000000,4f84b332-20fa-45e8-b9e0-e9fd0839492a
e953ca92-0569-4b06-9f34-776a9a358cd8,1,18,1.000000,339569d2-ab4e-4f6d-9e2a-1b9f9fc083aa
debe1068-36df-4904-9765-6066943544f5,2,44,0.681818,5e5bd954-ae5a-4f7d-a16b-85bc7f3203e5
689d8686-56ab-4963-8343-589a5086f365,1,11,1.000000,9b9c8be4-8e25-413a-8928-7da271e119ca
b91d9995-a009-4c46-b4f3-1254f348a342,1,19,1.000000,5d5b6794-5e6a-45d4-a508-e6ad12155d53
37b86885-a607-4fae-b878-d03b251ee488,1,25,1.000000,33ee54b5-0d80-4b24-b785-abcf45ee1e3f
27ecf84b-1280-4a2d-a75e-ddef2afbb08e,1,6,1.000000,ee629236-d81f-4548-822a-11f979d7f013
745b31ad-3c2a-4273-9e2e-dbd7f1e36045,1,7,1.000000,7413fd0f-0de7-4b60-b466-60b0bdd9a9c9
831c335c-b78a-45b5-9cbd-4eaa0aef360d,1,19,1.000000,97c26efe-10d8-4b54-8918-61fce6c86e73
54f86c50-6e67-420a-a502-8dee93784f07,1,13,1.000000,5771f07a-575e-4004-a3a5-db3ee44bb1b0
3b5d9dfd-cab9-4bc2-858c-cd00a1beff70,1,17,1.000000,b00c8ba4-8b50-4d81-a08e-fee649ef9423
c07b98bb-1145-49bd-961e-66e2fc77adb2,1,21,1.000000,78d36156-f985-41f2-b808-8ffa7a87f4b9
3cf606d6-e10c-4430-93cd-0c18eb532908,1,1,1.000000,a3f79161-ce4f-4ec0-9c53-67b5d89375d4
98d91ac9-fcb2-4781-9eaa-a807301428bc,1,24,1.000000,59751180-e355-4bfc-b5a2-5c571dfc6efa
95059a7d-8078-4215-9f2f-9f6d396d2147,1,5,1.000000,8144d312-23f4-4c5b-b369-7f52ee2900c9
8845833a-de57-4dba-adab-b838006a5151,1,15,1.000000,a4b7e876-b24c-4888-85f9-62bcb8a9d776
5611cc7a-899a-44d4-ba7e-986827fb4743,1,32,1.000000,bf609a7c-229e-4dc7-82df-8162b6648e97
9bdb0354-e100-42f8-828d-476f90cd5a84,1,29,1.000000,bdc5938a-77a5-4148-8281-898e87238451
d060ff19-fa3f-4575-8e53-7143744db2b9,1,6,1.000000,51e67b1a-ddcd-479b-8d42-f1d1410e814d
2dd75149-df21-4905-9c9e-b99e44d392c1,1,4,1.000000,1e4d3af4-cc42-44a9-b716-96fcf81a25a5
d3ff46c8-23e7-47dd-ba3c-5d287987be9e,1,12,1.000000,f80e3924-ebe8-4e2b-8fc1-f8040e9b541d
a7d9e585-3be3-45a2-947f-7acb560acaac,1,1,1.000000,667dd617-b20d-4e76-bbd8-c70e206668c5
e3b53d4d-a73a-4657-88ec-77092a2b499d,1,6,1.000000,e9599456-8981-4cc4-b128-82ca0012fb64
e01e0e61-ea39-4d7e-8546-a7b879460b4d,1,9,1.000000,22d63a23-9d58-4c8c-b5fc-433ef6baa9fb
7c987ace-4f97-4fd9-b202-8d87cc21c9b0,1,8,1.000000,aea7bc17-b661-4da9-803a-347339e457bc
c7634285-8f75-45d1-81a2-88ea82efa39e,1,10,1.000000,af421bd7-84d7-4b0b-b621-c9b4091d1b06
5b4cc615-2f0a-451d-8de9-135f3a9bef86,1,12,1.000000,42a98cef-7642-414d-a916-237ceb0abbf6
8ce6e211-e6a5-4e18-ba3b-427fabab2aa5,1,4,1.000000,1a2a7fa6-a936-4e87-a513-50ea19f0483e
4fc774ed-5217-4364-b6fc-9aac626c382b,1,8,1.000000,bb86048e-c4fd-4bc1-8fda-a4fb5b391a14
bf691a4b-6daa-4b25-adae-a995aa9eb555,1,34,1.000000,a1a87013-2cc1-4ab5-a85b-9fd21ffffe4b
606f3eaf-6e29-44c7-b6cc-d2c2a725f2a1,1,6,1.000000,36027d15-9fa5-4ada-bf4b-ed5b5daa5587
f21e7290-63fd-452e-9363-f265991e37cb,1,12,1.000000,6a62a318-0245-4aa5-9f3f-a6e200f8724a
95cf0422-7545-4848-8e57-c0e7c7b4bd7b,1,34,1.000000,935eb020-a824-4cdc-9442-727a6d9e019e
0df7c6cf-b867-454a-a073-da565878cb8b,1,10,1.000000,050de4b3-0882-4235-9554-9a624b8850fb
6323ccac-d5bb-4e1b-abf5-ea82e17cfa58,1,9,1.000000,2c383b80-2256-4ece-81d4-c81290a10a14
462ee493-438d-49cd-8425-6f8ca9f6024c,1,11,1.000000,da1a2d7f-932d-4a30-b182-c07ecc3443ac
bcfdd831-e899-4a9e-bbdc-13ff9164205e,1,1,1.000000,34f99a24-a6bb-4995-b47c-e02f1c26a820
17357bdd-2c77-478a-9aad-5f809c966645,1,5,1.000000,e7dddb75-ce7a-4c4a-a047-cd3c7c12c4f7
633a7169-d3c5-4541-b846-ca5cca13c8f3,1,26,1.000000,8e72a8bd-ae9b-460b-9573-aba4b21efb12
a54b3f81-f937-4eae-904d-e6738189d300,1,4,1.000000,ecd9aab5-ddc6-4cf9-97f2-03e3018e6076
a4f9c6af-ca45-45c5-bb07-8a73c13600a9,1,1,1.000000,b598bd23-8da8-4ecf-8ed7-f22321137698
7145fc2e-c523-45d6-833d-cccb2a08de36,1,9,1.000000,7919b794-334e-42d4-ae6d-cc5e8fd3cbeb
204fd630-2989-4425-affe-252baa587fdb,1,2,1.000000,5771f07a-575e-4004-a3a5-db3ee44bb1b0
9fcb207d-2a27-4dc3-af1a-9cba84b25f79,1,14,1.000000,2657b615-04b0-4c11-8343-1245c9c07676
2a31abf6-b298-4cdd-9276-c50692d099e2,1,10,1.000000,15d97e16-a8bd-47fc-90d0-a7b1505efd0b
d50f2d6d-6fde-4411-8622-6388fb9242e2,1,13,1.000000,c07ff153-9e23-4312-a895-634db3ee5e20
9dba7e87-4b47-449a-9f3d-bc66a06f68ef,1,3,1.000000,028b8603-30a8-498d-97ee-f8a764ed1d88
880f133a-1da3-4ff3-8774-8576fdd8a03d,1,2,1.000000,91675abf-4d79-497f-8fa5-224ae0472254
a9f1b92c-cdcd-4cb0-baf0-ee23022137a5,1,8,1.000000,6703acf0-f2c1-4b80-a158-fbbe091d3948
a49e713c-068d-4229-8ae8-dc2e6a42b613,1,17,1.000000,b63742da-5e1c-45af-90ad-17c4303b044e
a354f8bc-db78-4c7b-94b2-b622f0551e61,1,36,1.000000,b8f4eb79-baaf-442b-ada2-5bcd5cf89df4
88ab5e65-4c57-4b03-afcf-d01376253555,1,1,1.000000,8537fdf9-7619-499b-b288-a3cfa1ee546f
84158f8b-b699-4c1a-95f4-26d42442fbc4,1,9,1.000000,1637a67a-3e43-4ba3-9c63-dd1b557dcc19
7669c4fb-d39e-42f2-bc3c-d415db1a81e8,1,1,1.000000,2bef0281-b2d9-41ac-967c-45835e5ba8c0
ee9d70fd-a8a7-405b-a043-64e72b5763d4,1,9,1.000000,bb86048e-c4fd-4bc1-8fda-a4fb5b391a14
4da9a431-0a05-43ab-a991-7973fd18298a,1,15,1.000000,8b10f12f-516a-44ee-9e79-134d040d1ef4
701477fb-ce16-4d6e-bb20-c7cbeb5cd1f2,1,5,1.000000,105b0c95-40d4-43ed-9328-6cbeb200183c
a1abe16f-aa07-4fb6-9cfd-2c299aaea98a,1,1,1.000000,ee629236-d81f-4548-822a-11f979d7f013
fbc96cda-baa9-401f-aeb9-53d40fce6c0b,1,1,1.000000,b319c8c3-de7b-45c2-ba51-91927dd27b3b
86b172f8-1354-475b-ae0f-0150bd959549,1,24,1.000000,47bad423-2418-4435-83c8-08ba94003d14
7d1d11b9-bd8f-4f56-b97a-5cd36a5a112b,1,12,1.000000,5d6b65a6-6a87-4085-900c-575ab429c359
0dc1b626-cc50-43fc-b64c-98da7002553a,1,12,1.000000,c7b87666-56b8-4851-ad87-0ba40803d992
eb93b2b3-6de8-4ccd-bbfd-2d169402c24d,1,6,1.000000,ac7c0dae-6fe3-48e3-97b7-ab62571a0eb1
d87def93-9530-48f4-ac47-618645f03657,1,1,1.000000,a1a87013-2cc1-4ab5-a85b-9fd21ffffe4b
ba4df5f7-a262-40de-b02f-f270ca348b58,1,3,1.000000,6da10582-c8f5-41e2-9d10-63b7b66ea527
dfd8f7fc-aaa5-460d-8a55-a428d39070c5,1,7,1.000000,ac7c0dae-6fe3-48e3-97b7-ab62571a0eb1
7ebf954e-eeef-470a-b62b-d1de0836d540,1,22,1.000000,6691497e-e3b6-4698-a5e3-35f282f0eb8d
2b5dc4c0-4573-4893-a624-3e85eb066ee3,1,12,1.000000,5e1920ed-d676-4151-a8ff-1153e7b7561f
89c132d0-f3e1-441e-95cd-35d9d55c10ac,2,27,0.629630,b319c8c3-de7b-45c2-ba51-91927dd27b3b
c43182fe-bfbf-44ed-a6e1-d0bb4917e6cb,1,11,1.000000,8758fefb-3ed1-4d64-b75d-b9e3d628eef3
4e9856df-3a41-43db-ae72-1e6b05784076,1,4,1.000000,f4f25187-82c7-4265-9bf9-71bc8ed1701f
31ca709e-fd6d-447a-852b-0d85329b303f,1,15,1.000000,5b42ea58-d3a6-491a-98ea-d6cb61b21abe
69a73af0-a390-43b3-8296-a34561260fba,1,2,1.000000,48a3cfba-dcdc-4833-886c-5cc284e12343
63783aaf-a81a-4870-b728-c845da857514,1,1,1.000000,f1f761d6-552f-4f35-be9e-b094d7b78160
a7451438-c8e8-4241-9eff-60904db9d0f7,1,2,1.000000,92ef2ca8-10c2-4b32-a999-3af1b85502c7
2168b94b-e1dc-4cb4-b142-07d643bc40fa,1,12,1.000000,9c552fa8-fe9f-4618-86af-58441f5987ae
b30316f6-2c63-4667-afe6-28e7ba361446,1,21,1.000000,907af844-581a-4044-8ddb-8bcc91df32f9
08dfc55f-2f77-40b0-b4f4-a8238d678aa1,1,6,1.000000,6a62a318-0245-4aa5-9f3f-a6e200f8724a
981d2efa-0dbf-4d06-92bc-eb5f43f1b424,1,3,1.000000,c3af36ba-81f4-4652-9523-44f2217dc0f0
de811dab-626d-4636-93f6-9ce128c0a4db,1,9,1.000000,5f118823-51ee-47bb-859f-1316523af0ed
b4f982dc-34bf-4fec-a529-04d32da2cf4a,1,8,1.000000,68e7ae29-15ff-402c-adc1-76d5a932c984
34fb16b8-d7f1-448e-9233-28c1cb4456a2,1,1,1.000000,667dd617-b20d-4e76-bbd8-c70e206668c5
18dca692-5606-49b4-82ec-5ecb4aef7771,1,15,1.000000,169a37aa-17e8-4998-adea-e8e08e08013f
86f9639b-86d6-4b80-aa91-d8dbf76fc7e9,3,43,0.604651,f258256f-54bc-46fc-baca-9df34d5ff3ac
11f979a7-c539-4132-9c29-aa34fcfd5f59,1,19,1.000000,7df7a9b0-729a-40ef-9403-c28f90d19453
32721716-d35b-4f4b-a6af-e4583eef64d8,1,30,1.000000,340b7157-11e5-4463-a088-59ca98df39cd
a42ec541-e6e9-4e9d-8f74-550251c99de0,1,1,1.000000,23adb02f-8cae-4303-bbd5-f125e974560d
08bc673c-1f02-4d9e-b50e-298a188e59ec,1,1,1.000000,1e4d3af4-cc42-44a9-b716-96fcf81a25a5
1ceed9c7-36e4-44dd-93a8-86e5ba16052d,1,7,1.000000,15f3a523-0299-4249-8ccc-fee0b320040f
7f8a73ae-41c8-49cc-ab69-9d52f2cd47dc,1,23,1.000000,18812d7d-3e1e-4084-ad30-79ac968a2fa5
f94f9555-a085-43e7-bafd-d33d00795a48,1,1,1.000000,ad30762b-ff39-441d-a0f7-d388fcb65c5d
bbaa50de-7011-4a0c-a3b8-eaba291514c0,1,17,1.000000,7a26546e-0a07-423c-9e97-0ef56212920d
818fb8c6-9c6f-4e59-8044-13426d008019,1,21,1.000000,8aa0c34c-dda5-43e4-a825-202ddad15708
0bca8282-5089-49cc-96f7-8d55b47a6c8a,1,37,1.000000,f61809d2-a428-4a2c-81e4-461ea9908687
60b44c95-5c28-468a-97ed-172193a3bccb,1,22,1.000000,fd026db8-dad8-4f55-8016-d469844b2862
e448d0cf-cde6-488e-a18b-3dc9687c1e67,1,2,1.000000,7ce6f4e7-3343-4519-8d80-7b97f0fa9e57
4763bbbe-b52a-4a4d-9e18-193a0e71eb87,1,18,1.000000,c33e02f8-4665-4d6c-8781-4a5c991889da
02bdbd28-32fe-473d-8761-9a348588f5c4,1,20,1.000000,f2d0957c-12af-426d-8d09-fdbbb4e0de0b
e2b9fde1-eb51-498a-aa80-18c70d7512fe,1,27,1.000000,8d7e30ed-2eb2-48c9-ad99-3d0e8cf03e99
384b913f-2db2-44e4-aca2-f1cbd65ed2d0,1,7,1.000000,2847c646-a1c3-45b5-815f-46681e3db9c1
b1bc3624-bd93-4b67-939a-061df7e35256,1,4,1.000000,105b0c95-40d4-43ed-9328-6cbeb200183c
cb5e4878-e4ba-499a-bae3-0167ac963cc7,1,6,1.000000,ac7c0dae-6fe3-48e3-97b7-ab62571a0eb1
7c0dcf36-b58d-46e5-a8d9-34bab3cb06cf,1,8,1.000000,c15796a9-88e4-406f-bd36-788d0e579acd
7cd6b403-dc12-4139-8216-79221f47485b,2,16,0.750000,b31c10f0-ddb3-4d3f-b6b1-6ac865523ec8
3f5421fb-d921-4c78-a4b5-52eb38e3f174,1,8,1.000000,c7b87666-56b8-4851-ad87-0ba40803d992
a4602447-fb52-40c0-afbb-f29761a2646f,1,5,1.000000,fff9db58-c20e-4f2c-b07d-9937b70a1273
f8a95ed0-d955-4af1-a095-895e21f50a05,1,1,1.000000,22d63a23-9d58-4c8c-b5fc-433ef6baa9fb
52dc30c2-a7f1-4cd3-b027-5fa43bedc96f,1,3,1.000000,3080614b-46eb-4c0d-b1ff-b9dc13bbc44b
f69b67f8-618e-4d7f-9ace-76a6395e27a2,1,2,1.000000,e0d3387e-cac6-41e5-b9f5-963818301cf3
42df2228-5b2f-45f5-906a-8eda17b0bc94,3,28,0.857143,4c7e79d1-ebd0-40e5-97cc-5156fe65e1ac
7fdb2fac-6a69-42d6-8300-2bddf57415c8,1,1,1.000000,7cc462c2-3438-4530-81e0-ef36b8cce783
a5f6873a-3786-4eef-bb8d-e4338863ed52,1,8,1.000000,15d97e16-a8bd-47fc-90d0-a7b1505efd0b
573fc7fb-f9ee-42bd-93dd-de3ce5897b22,1,2,1.000000,5e3d6bde-1451-4103-89a6-c67d81f63ed6
a5ea3979-839e-456e-b50b-d4c9d7b8c50c,1,16,1.000000,907af844-581a-4044-8ddb-8bcc91df32f9
ef59164f-bc22-4de8-b806-91d01d7cfba9,1,13,1.000000,a93f061d-7038-4993-a948-be4b7034b354
60178bcf-005f-4e66-9bfd-77901411a626,2,34,0.911765,68942969-0475-4a26-931b-d1d8043a659c
9d8c0935-56cc-4ed9-a347-086caa1f1933,1,1,1.000000,94d77a1e-9dfa-42b7-a41e-eba20dbbf8f1
11013af1-b780-4f12-be3e-a5f097a622e5,1,1,1.000000,ece552c2-b04a-49f3-a01f-244ea2be828f
47b7706e-8135-404d-be17-7e52736fb2b4,1,1,1.000000,ee629236-d81f-4548-822a-11f979d7f013
88db909c-5c73-4724-885c-e1b13a87c616,1,3,1.000000,2f843830-e489-45c6-a140-48ef168f7d3e
23553779-b7e2-46ca-bb5c-b2a684f98a5e,1,15,1.000000,d4be492d-c9ee-46a0-b1ab-076386b61b85
6e083572-4c26-4167-86c5-d452d4dda2cd,1,34,1.000000,faede4bf-624b-414f-8bff-7f3bbfc74f7b
e6b59c62-c09c-406b-8ce0-1ec5aff95d75,1,11,1.000000,49fcf025-22ca-4e4b-85b8-278b855e63b7
a433a16b-35de-4b81-8da3-16e1d4a43e49,1,1,1.000000,f4f25187-82c7-4265-9bf9-71bc8ed1701f
5119c308-3382-4c44-ab90-4917471fedab,1,2,1.000000,5c2dcee3-4c6f-4ac5-bebf-393949ab845c
72f14dea-8ae4-433e-b4c3-dc91c51b58bc,1,1,1.000000,da1a2d7f-932d-4a30-b182-c07ecc3443ac
4ec444d9-19f4-4402-8556-21d6278e3f7b,1,13,1.000000,d7969eaf-cd67-4ac5-b060-393d864f8525
1d4601c0-9058-4fb1-8371-9104e5bec7fb,1,27,1.000000,7413fd0f-0de7-4b60-b466-60b0bdd9a9c9
ad0d7e93-9eb2-409c-9252-e198db23b5da,1,10,1.000000,2f38656b-76d5-4b46-a81d-c90b96495673
d61f0058-ee40-4d15-8b94-0ef7fc9486bd,1,4,1.000000,475f6ef0-4e4c-4fdc-b24f-529a349d521e
b170dbe4-b317-4522-bddb-ba1423a4650d,1,3,1.000000,b8f4eb79-baaf-442b-ada2-5bcd5cf89df4
9b83dcb8-139e-4c9e-b2bb-142540b68f4c,1,4,1.000000,6c1f708c-f3e9-4d9e-a0ae-311ba42c139a
fb12419d-352b-42b8-b001-c6af8e78a70f,1,3,1.000000,8e7f3b7f-2631-4b94-a2ae-31e8f02f07cd
6d6a9ca7-d90f-4a37-bfbd-6fbc39f193c1,1,4,1.000000,68e7ae29-15ff-402c-adc1-76d5a932c984
b23cfc37-5c7c-4476-9819-46e94a4009b7,1,13,1.000000,ad30762b-ff39-441d-a0f7-d388fcb65c5d
